1.0767466848523777,0.20390631731818215,0.03228949731102931,4.0
1.1443978615927133,0.6086326134115331,-0.42551124747607755,4.0
1.041121918557823,1.215828846944753,0.1183213755924553,6.0
-0.45331385611021874,-0.2525944263960048,1.2350810311446903,1.0
-0.04382233353555361,0.25346592941674434,0.8200658038347629,1.0
0.5562415060952663,0.07993081311079131,1.0382952252657387,7.0
1.112306572170821,0.6123709808372906,0.8004551808277045,7.0
0.45729801746314164,1.1758274086509488,0.9652631941933224,3.0
0.9930512324606953,0.4994599160628202,0.868896799017327,5.0
0.09943804271936285,-0.35449281742118,0.7593080978665672,1.0
0.6539088711842891,1.4121441236283525,0.6783534327846528,7.0
-0.2563413110477367,0.09430008099155718,1.516645462622376,1.0
0.8958157694641286,-0.2864460557437753,1.4219807795390031,5.0
0.9395199540304595,-0.6775284085370158,1.5213308244351649,5.0
0.5638901586234473,1.059879158932165,0.8556514550728544,7.0
-0.251767586900796,1.2846330625505857,0.8674994404773421,3.0
-0.022137611056666357,1.1181758576594298,0.22178881690331678,2.0
0.039303273323837894,0.9491949368175875,0.7517532979853306,3.0
0.8773512589620545,0.7171526760675301,0.8569779935561752,5.0
-0.34717134212196815,0.9690934805076156,-0.43391209257770275,2.0
1.2575817858198168,-0.11024076020678779,-0.08318733898085491,4.0
1.1222401310080659,0.7310483943365405,1.040499598898176,7.0
-0.2093594829034186,0.5878343370214405,0.27287478762288947,2.0
0.8554434654615188,0.3614419683778178,0.24047663483447024,4.0
0.022939804259935328,1.3502754070121439,1.5538800918770743,3.0
0.053082030966289225,0.6396861436583987,-0.059745692177811546,2.0
-0.0575043244386292,0.7669362703390051,0.6979348885600503,3.0
-0.4710030427695226,0.3160803455574747,-0.15600279665884767,0.0
1.109342308449723,-0.7284459511377406,0.3233941564106336,4.0
0.016927977029662034,0.5950853124490608,-0.3940351386114201,2.0
-0.1850144752009239,-0.29162498191453373,-0.19325863971108084,0.0
0.28393493715343987,0.1841272030486301,0.7432369210073072,1.0
0.17301517185983528,1.0822688515076686,0.5578065476842649,2.0
-0.01648534147212519,0.23396478907808738,1.0221311255718217,1.0
-0.30056145326486705,0.9097115958618714,1.2902358751012168,3.0
0.9284440869862542,0.15326046504621363,0.9184754053312072,5.0
-0.39293368424865566,0.6758786459908617,0.4356687531552474,2.0
0.7938543941750933,0.5000830124819872,0.8851256223671289,5.0
-0.2564996834460923,-0.266573030041543,1.133967742839888,1.0
0.3009554954659344,0.8161716602958726,-0.015330776898795058,2.0
1.3826300979718538,-0.3966975320425832,0.9745481971808732,5.0
0.021024681551714174,0.24864722295975977,0.5242411427141749,1.0
1.9476569386752016,0.7297936773414427,0.4879403423421601,7.0
0.0518111079995524,1.2866098287802727,1.2813263667426809,3.0
0.9512709961503141,1.5584160681352215,1.3802370204142174,7.0
0.8825914340684278,0.025863608205140682,0.7985341553590801,5.0
0.16309883752466625,-0.4585076567940489,-0.2153890510620283,0.0
0.2184610340532874,1.3553304974049634,1.3291454728901968,3.0
1.0079838605503673,0.187344734283366,-0.3158552466652937,4.0
0.9293343203852628,1.0543738400610971,1.3000320616799834,7.0
-0.445386964784781,0.23224841541603208,0.7628826356124351,1.0
0.7611860587335835,-0.4348355386222731,0.11900638705024424,4.0
-0.0533207042368036,0.3204175900980305,0.8628092409457608,3.0
0.8831095566970943,1.2502704352683902,0.07730327364780736,6.0
1.384456626980095,0.2073636125540705,0.5614592866544262,4.0
1.2717638299340517,1.0067910471603192,0.18478193584823863,6.0
0.3030299222198412,0.6688365662914835,1.2349917599472517,3.0
0.5319861374617846,0.14893056981040328,1.1386736364698622,1.0
-0.024399996613907092,1.1520560001368605,0.7225635062179112,3.0
-0.17893157593233777,0.7463198744007407,0.19172397179982112,2.0
0.7451592662645051,1.163266449772526,-0.06292027240439269,6.0
1.2806301128203077,-0.18068328320602697,-0.05544297841949446,4.0
0.20757698641803432,0.10293509956139617,0.08455440563485027,0.0
-0.6037697598709751,1.1960470030288686,0.8824765446693592,3.0
0.8136931588070864,1.2479304339268715,0.5413723452117013,7.0
1.2274292565703284,0.9607457522927754,0.9927964190552107,7.0
0.7232442974354967,0.5906015800473532,0.1946605288963057,4.0
1.181566405641307,1.1602507075316073,0.7540308294714446,7.0
0.21431097782465958,0.6500540466887983,0.7453103346064703,3.0
1.0135741622768843,0.240833071318176,1.3028507928270479,5.0
1.1653423571520558,1.059908145012363,-0.03129133044293336,6.0
-0.06562113241761582,1.3107676971410882,0.22553790881731292,2.0
1.5476436363180244,0.9907462436471963,0.8623213269665028,7.0
0.04045236850928884,1.0796953723815115,0.3241088594980378,3.0
-0.2660937527018507,-0.25754624721301883,0.7786994073407616,1.0
0.4871139899270065,1.230553174311092,0.21251250662242066,6.0
1.1124945331907536,-0.26067043187261707,-0.20118934622721055,4.0
0.9405426196643845,0.8781228883143964,0.3541034290679594,6.0
0.6792401382419191,-0.021826263106424756,0.22150346339564544,4.0
0.9120392255999852,1.0424077635157796,1.2345625167715872,7.0
1.5344251913606946,1.4962993372616946,-0.2811918937394963,6.0
-0.17218527779002182,-0.2547955313833703,0.6378341894505293,1.0
-0.027609509596373587,-0.06730404374207122,-0.2592013626810459,0.0
-0.49598847199570284,0.9898546582395751,0.4619715577293737,3.0
1.008826513261586,0.35741829571530376,-0.08056850030201616,4.0
0.8364999330641967,0.12748597898546227,0.9974808061140656,5.0
1.0181019777693248,-0.046457519063099174,0.141967481387408,4.0
-0.08559929867646626,-0.7825773401699206,0.09894377472060144,0.0
0.3191026306799115,1.4450774977802183,-0.1778896988580437,2.0
1.0816657736902606,0.4489910184275068,0.29665324873679044,4.0
0.28901684712868825,1.2370543212787466,-0.23659045037645754,2.0
-0.28724409512790716,-0.5942020417848527,0.8301553274980612,1.0
0.9325486380741483,0.05046889809084692,1.0523620460551597,5.0
1.184926557908151,1.1103700549076287,0.8285208184668207,7.0
0.4415023547765789,1.1783203315126092,0.8450335290108731,3.0
0.8338696291278676,-0.34914078656900654,-0.132093254488179,4.0
0.2616254834947064,0.9234929922610869,-0.05116170445716529,6.0
-0.02666558389216855,0.7260863459307836,1.0358724800336108,3.0
0.9320420726272877,1.184217311714484,1.094096989193788,7.0
0.5060907887518313,0.5994760440259839,0.5767722562166484,7.0
-0.2411767632506862,0.25062486747744006,-0.2349407831781178,0.0
-0.050913716797332996,0.10986267074180169,0.2855059347920465,0.0
0.28449761511702243,-0.21404403090420718,0.1764230092676958,0.0
0.21058219644658824,0.3962393092180138,1.1295032295412704,1.0
0.03205644039501524,0.47235854474655437,1.273982661590101,1.0
0.7507965648713161,1.0485876104200986,-0.2636698799530587,2.0
-0.37834164254209873,0.083425760059241,1.0367501855260073,1.0
-0.4933155763528783,1.1387236328087358,1.158844782901138,3.0
1.54308558061357,0.20792233987794675,0.6415214355133178,5.0
-0.06712075899401922,-0.6098029138767288,-0.39280775689708475,0.0
0.0184116116531351,0.8612579280534975,0.7153779043318667,3.0
0.7167535145767758,0.04502936191412988,-0.17380889490328982,4.0
0.8026303491968273,0.13617489135010255,0.9089407717128202,5.0
1.111654314814342,-0.10520750685991259,1.2599275147685463,5.0
-0.12204076454642526,0.36081799730890557,0.7588337934064624,1.0
0.7254014593350582,-0.25001202610257434,-0.24594281351089808,4.0
0.5046784102945183,0.6698830127632771,0.8217838807330112,3.0
0.024202405659130878,0.7321307226762281,0.06668615095655225,2.0
-0.09450770956306616,-0.3736974322864896,-0.49318790278074087,0.0
0.9455157810512936,0.7712544344243257,1.0536745827098293,7.0
1.378853117405824,1.4049227894852307,0.570310772079289,6.0
0.04835363026999919,0.24443884902191457,-0.27526884029393595,0.0
1.081780924359521,0.9588260361061637,0.5772581122404487,7.0
1.1697783191157871,0.19505108234001214,0.04988396163792771,4.0
0.5899246265861204,0.8087329064334934,-0.030187619775453596,6.0
0.0009665769279385263,-0.05984207241096447,0.789645525396583,1.0
1.0980362067698142,0.7356156098028923,0.9721667227554606,7.0
1.1992544572905954,0.9563924146717595,0.32017538971167825,7.0
-0.5495326112906183,-0.2905245919176402,0.3280665058692674,0.0
0.503052831932529,1.258111843280474,0.1250360773178742,6.0
0.11965317051133059,1.2030298849912717,0.16974953234107057,2.0
0.433252320557442,-0.49379030664137036,0.05741248232252877,4.0
0.37011507904390734,-0.1710327846065904,1.2189821096853342,1.0
0.9770041952324943,-0.45433842451204914,1.4150927373225217,5.0
0.9375693215965274,0.663915961910535,0.7522902196402484,7.0
0.294884398383021,1.4763182932377013,0.7820611549280302,3.0
-0.1499247059827045,0.025310901299682068,-0.03698022982576156,0.0
0.894552914145959,0.9758011148200931,-0.38649041799794936,6.0
1.1635683015469211,0.6388571374700306,-0.039829676002208776,4.0
1.3800396413030473,0.1917741497829978,-0.19705691619516433,4.0
0.1979842778804051,0.31090933826762485,0.11288005905708516,0.0
0.9626897911258505,1.2033889768327344,0.3389106400091827,6.0
1.026279109561936,1.4062456712698617,0.8533154993809792,7.0
0.4735594117758428,-0.2455627907618563,0.3211287901240482,4.0
1.1791925788409496,0.7097276955763049,1.185950107050727,7.0
0.2277162988049297,0.988825667452095,-0.025343413001048806,2.0
0.9075015801049222,0.6810672114331682,0.5067715460796012,6.0
0.993558417382819,0.4867305283201573,-0.35576767774129053,4.0
0.41068767961247027,-0.011407345889104933,0.6210058798407563,1.0
1.2221561730785546,-0.3164727035041521,1.3050055347698046,5.0
0.8757033119729233,0.08568677430518866,-0.3859709399486269,4.0
0.5347950423675015,0.43245107402117966,-0.11692175500683036,0.0
0.8912158358740425,-0.1345300497458575,0.11584402747635678,4.0
0.2568410634956707,-0.004477470717038871,0.6774335524529036,1.0
0.5539411121395166,0.6658413135346748,-0.6931814769018585,0.0
1.182943194818366,-0.15508833742301759,1.5500003243051768,5.0
0.8598105571019956,1.1700142253492405,1.0581212584790178,7.0
-0.04479852124925297,0.05751212509478272,0.9588266952048621,1.0
1.616626728002215,-0.18838233809561908,1.2492589275775807,5.0
-0.4342819155487033,0.6567298692544602,0.8417457712740345,3.0
0.10217471992791534,0.5568486422476489,-0.3027575583526653,2.0
0.6745853410138305,0.7835290015384881,0.2881038466101144,6.0
0.1734517038942365,-0.02739297745475752,-0.39451790363026695,0.0
1.2278587725193162,0.7501974589164631,0.2510414881070635,7.0
0.024793081923729303,1.0945890689448083,-0.0018395002284496286,2.0
1.4382743120032067,0.17385996653564753,-0.11639575963744754,4.0
0.9667306127902242,0.6169880341365914,0.763405825977143,7.0
1.1982778011880353,1.172300228636988,0.5119606338092602,7.0
0.8608593051868643,-0.366783384301325,0.25394586981601136,4.0
0.13575702847004834,0.04305301076539791,-0.07974780599251946,0.0
1.153278326047822,1.1252132911380093,0.023436087765538696,6.0
0.8787744730751154,0.07982547876149557,-0.46631203642010965,4.0
0.6293337606957464,0.30803662088060274,-0.39586019091379837,4.0
-0.32655246821569234,0.6940993438589527,0.7313932301129884,3.0
-0.1700795711457419,0.9365208491070687,0.6558976835677512,2.0
-0.11499459571959735,0.652996424308475,1.4490441536461198,1.0
1.2036626904144188,0.33085179331258346,1.1026480940631178,5.0
0.3861548473225666,1.5084335563568416,0.5837584717671991,3.0
0.6618813445813083,-0.3092151661724272,0.7797308939890585,5.0
0.4882441667425441,0.8775123695120288,0.7560759336000537,7.0
1.0389205752916015,1.2401508178773069,-0.4067098968689086,6.0
0.4776687652517311,0.942759650987533,1.1386708772308811,3.0
1.1841942346041203,-0.39736389224452234,-0.4034638933057812,4.0
0.4498445533224362,-0.25826503218861946,1.1862425826715677,5.0
1.3838463013542222,1.2437832524557524,-0.12261859807968217,6.0
0.2870173381923079,1.728138005429392,0.41544465851251366,2.0
-0.7299583195627036,-0.508842794680303,0.9050193536529503,1.0
0.9023835922999478,1.3596314915891172,1.0563761581026883,7.0
0.9880803567302339,1.1434680417279877,1.2194594305018673,7.0
-0.21686588689969508,0.004410019613048164,1.4603906447476338,1.0
0.5913939541491401,1.1981197682850138,0.23244607662749134,6.0
0.2937782805081622,1.3532280317488348,0.17447919847859275,2.0
-0.22308006377768191,1.1497642694887247,0.889411169568704,3.0
0.9290746824254091,-0.040418052222252004,-0.023711056475844632,4.0
0.19426216186635806,1.4148156871309505,-0.0686457323319554,2.0
0.16420591521282288,0.028503156019721393,0.22205689600552778,0.0
0.21193588025982782,0.2908986219327057,1.8049434583658193,1.0
1.3103192550380358,0.6326351363139268,1.4763564299785954,7.0
1.6399613807136681,-0.4617279058664239,1.0259411166846524,5.0
0.8110889511727384,0.9193542307833841,-0.2814767865786193,6.0
0.8537279629128574,0.2111942155554403,0.614515805072835,5.0
-0.25541811915864393,0.6989131522244982,0.0701933451358979,2.0
0.6921594686086501,1.1314073595035818,0.8266775483428541,7.0
0.8082340481787461,0.8528873476182991,-0.0586362990253346,6.0
-0.4534348423570527,0.565016702869019,0.8214307172769828,3.0
1.2527854199616222,-0.11083324561532266,-0.20507909814711855,4.0
0.5182023819315212,1.2218700780529175,0.860817434169671,3.0
-0.09898891447019521,-0.1011366362961143,-0.5376354365889242,0.0
-0.32694712027609907,1.1734190265485267,0.8244434670852523,3.0
-0.09556694437617999,1.0099797624032492,0.6851318919884111,3.0
0.04326267656371306,-0.8698460695172727,-0.3348433055087347,0.0
1.0569654934459893,-0.1533433979165115,1.100352180312731,5.0
0.7943347220579788,-0.8035254296858615,0.23017931017492804,4.0
0.02916104039558921,0.7177468333879511,0.2416626084762248,2.0
0.3189326494121064,-0.3992499725878141,1.1879259251353753,1.0
0.035708571453287125,1.476687861692848,1.1275748707046884,3.0
0.5062376813319175,-0.24252912766378298,1.7791245116587078,1.0
0.7216777375416288,1.2236679256805598,1.0552443858514717,7.0
1.2663998964742467,0.9755726014821074,0.9342347150152626,7.0
0.9061420718649339,0.9290178914799319,0.8343324798954233,7.0
0.1709413807819682,0.8943733251942578,0.19098150769059682,2.0
0.4233516692217833,0.42978845330619453,1.1079682679287601,1.0
-0.3258556279316135,0.8410736778373951,-0.06258791379906337,2.0
1.1267870699063485,-0.21929567864692948,0.12747696851340828,4.0
0.6255194679601013,1.0428367230091005,0.6629380739261539,7.0
0.18764280194904967,0.0037644079123533448,1.264510507655953,1.0
1.0731455196081163,1.1789881764108183,0.025671970013641486,6.0
1.1842202356198732,0.3479567446815548,1.107689448848907,7.0
0.2711990935210762,-0.283869177984961,-0.3628240418477396,4.0
0.7302842933755304,1.0393861297394713,-0.1453266567299382,6.0
-0.0654738114493379,1.5524073841703792,-0.09490483346758209,2.0
0.697336533468081,-0.23678494129623195,0.13258699715738623,4.0
-0.20265388645777724,-0.14383619795626382,0.013735603454168655,0.0
0.40100982738333835,0.7919899254247083,0.6841473336464476,7.0
-0.42387687234625593,1.1251140877989505,0.5757316252170321,3.0
1.0545854817224394,0.21688412912519672,1.4585777931235255,5.0
0.49284195944679376,0.6617767069468224,0.08322208754146654,5.0
1.029812772290536,1.2028407976815845,1.0922848901905007,7.0
0.9741104783619302,0.39517648571212194,0.9146326594923828,5.0
1.4173952388809161,0.837367530718013,0.012644866769829946,6.0
-0.21140798579608316,0.8443304896198724,0.5283335716275708,3.0
0.9802072172366263,1.180705448544479,1.679974148928733,7.0
-0.08499431737816164,0.8311573273919528,-0.3587126190862544,2.0
1.3908334644809863,1.0990152334659782,0.6064419300677586,7.0
0.18873193308107444,0.46082794811985617,1.2681110896405126,1.0
-0.6020863412877833,-0.24021516894973602,0.35896951543851013,0.0
-0.14601119750661185,1.237712089446908,1.2920495665411864,3.0
0.5476708187121374,0.22984899533952513,1.255358229244908,1.0
1.0588381299256229,-0.3984669344385033,1.0882531387149292,5.0
1.6095888686074338,-0.2538432504078657,1.02624266649864,5.0
0.9113329076906264,0.17293427554675236,0.6721344833798176,5.0
1.1134989044557397,1.0930735995573684,-0.20498539548546052,6.0
0.09517741062379177,-0.13290007961828565,0.8970586690438638,1.0
-0.21309433516563295,1.0406563159844953,-0.18460057955393708,2.0
-0.044221070524729365,0.05426543414033326,1.0728902650399819,1.0
1.178707447776359,0.14253281121711356,-0.31126332287369796,4.0
0.5693284654104654,0.9463753217670549,0.4196943086277705,6.0
0.851712919889237,-0.43141788477848475,0.9594914068276483,5.0
-0.21456091254946555,-0.6652155635978046,0.938281403832979,1.0
-0.021155263523687285,0.846422590366178,0.6306457140344863,2.0
-0.7874131667744659,0.24342541980216179,0.7586147710383143,1.0
0.3080437635145758,0.024780927355478714,-0.11527216005523762,0.0
-0.5108687300199174,0.7924659791244046,-0.0008989168862878997,0.0
-0.255375105819628,0.25343335925405736,0.499748586034233,0.0
0.5817174083663434,0.6180912151718216,1.284037935858418,7.0
1.2968311313374075,0.9588948710866804,1.2724539524528635,7.0
0.4297506904722991,0.00793332761345024,0.8711436503153016,1.0
-0.290582182429087,0.0026473648532811906,0.21528410182812452,0.0
0.664312476105698,-0.4545532427939667,-0.15107888224963836,4.0
0.5554248086830762,1.1583235590394794,0.12899484120404534,6.0
-0.44986616291031767,0.7708646237044009,0.05414165265755657,2.0
-0.13981208792435829,1.3285272746876406,0.024752222611979534,2.0
-0.1258725612884035,1.1909672131225013,1.2540355149308473,3.0
0.18560566721068691,0.08237908916519442,1.3989294928535374,1.0
0.7606357496048931,0.4473451117977434,0.9804884398613181,7.0
0.957940081700195,0.0038158222976732744,1.6272549986837443,5.0
0.15727958684522234,0.979439286082293,-0.11183836590173385,2.0
0.3996229865978109,1.2731112875927222,-0.20499071497011115,2.0
1.1471427916557033,0.6241802847133125,1.5505826655251373,7.0
0.9161006011406819,-0.25922099082713673,0.10057788145307926,4.0
-0.3439847220005549,0.3026994783895623,-0.07921757759795639,0.0
-0.41879174780892914,-0.05143988312109335,-0.05306789848116996,0.0
-0.12090898310460028,0.3545782310654268,0.9442984735390684,1.0
0.31131274041141627,0.014282996097504712,-0.2767848515923208,0.0
-0.18121430069582853,1.2462875872605876,1.5883957394865544,3.0
-0.28593200843250693,0.8920574875220434,1.1880270182930344,3.0
1.2922325830604238,-0.15604028289087518,0.07760051956952947,4.0
1.1529675953392926,1.1460827811846008,0.4802843041182681,6.0
0.7679427108343971,1.399501689573303,-0.2587347798433806,6.0
1.517281682698287,1.0662591050145762,0.5742760550147293,6.0
0.9946089655629138,0.2474776018229895,0.2017730039632879,6.0
0.6121712019161257,0.8146947306285537,1.0620715748788476,7.0
-0.2679812277851951,0.2023530610484488,-0.059250487069519256,0.0
0.7055506113928818,1.451892881458397,0.2998047260073425,6.0
0.07928348550884387,-0.4647403743925742,0.8153044964710505,1.0
0.056998237296444126,-0.030055067682757994,-0.164542104864024,0.0
0.14179987502812874,0.9284149314386753,-0.060970058635382636,2.0
-0.3096246880800439,0.7980387589557075,0.744587463806984,3.0
-0.16422044853475795,-0.2087710148423133,0.33068746438972213,0.0
0.2503584059983727,-0.12473167479435752,0.665026421638451,1.0
1.2116744984073442,0.29771543313163434,1.3351865280084936,5.0
0.16028324686714,0.676576766600015,1.3411636015528194,1.0
1.2355233321399988,1.276261267045191,-0.34768490272960734,6.0
-0.05652750817314393,1.8091015503937762,-0.7404841836708916,2.0
0.1423119064400916,-0.3598818081550837,0.9678882595128949,1.0
1.3506990432629815,0.5859133538424965,0.849629444164833,5.0
0.8685717346115521,0.18567809901817628,1.047356985386509,5.0
-0.017326510843199566,0.9619134801225543,0.8552848426719448,3.0
0.2711092120726853,-0.20519163067003757,-0.2998228924134798,0.0
1.3269775040056502,-0.01650725119618733,-0.048595986914149784,4.0
0.6903016666264236,0.8037605312806,1.4205212793710336,7.0
0.09336711334029844,-0.01617866962218801,-0.10920077292107604,0.0
0.503526342593143,-0.34509015227917755,0.15566941737323897,4.0
-0.19373350523046212,0.3381350820505206,0.16521392906996665,0.0
-0.1847491271564429,0.4579468802083728,1.2802424573098916,1.0
-0.2005195010839118,-0.1898061728811171,0.7828335854324978,1.0
-0.4214324695905961,0.5218536925071298,-0.15400005994554256,0.0
0.33609177044042154,1.5028288744012885,1.1803273335339748,3.0
0.06054299829187791,0.7145585702161635,0.043323064568569596,2.0
0.7916017012034698,0.5311043990542207,-0.0822319115799634,6.0
0.8268271317605185,0.03611732392064805,1.164870160773153,5.0
-0.05562229732632857,0.011093307835865407,0.6812602545919728,1.0
0.9043760583350853,-0.14988779854805837,-0.02403398101853932,4.0
-0.1587668295981418,-0.35444783013379916,1.4553280182493662,1.0
1.266774194859665,0.2522782439862972,0.5953038771645214,5.0
0.959555500778938,1.4416682837183894,1.046437935638918,7.0
-0.2701221819679082,1.3880579661546448,0.8838578073973156,3.0
-0.2255504340607858,0.6969336935363523,1.3967716095510592,3.0
1.1275780547155214,-0.22413187169575413,0.4860495008935035,5.0
0.15833401578874595,0.834259191239082,0.6135578496153182,3.0
-0.29334747315481874,0.276512499912371,0.05790111627893705,0.0
1.6962242653503825,0.39193903203344554,-0.06005154230154977,4.0
1.2675440883119946,1.1890479205332172,1.2543231502592087,7.0
0.6600953416202155,-0.07052027611951761,1.0692349906238916,5.0
1.3476731166645344,0.09820624214911056,1.170811969802373,5.0
-0.03531741090643388,0.1866685598408925,1.3205913922436445,1.0
0.11946769390373822,1.1184608454301752,1.297060998068045,3.0
1.0325452604382155,0.6244252615163003,0.19777129929717038,4.0
0.6594713807953885,0.5550383823468195,1.1234424564760628,7.0
0.13092034530588936,1.2414812240078459,1.307300346858697,3.0
1.01071459039196,-0.20228996752230125,-0.13039611385118086,4.0
-0.0993682752651631,0.07384583700744984,-0.1917844110242231,0.0
1.141564480396835,1.0357795852346998,0.3427485155525159,6.0
-0.203540561204736,1.1629958895195078,0.2193675078543591,2.0
0.14406996317858492,1.298881135507265,1.1036372665911933,3.0
0.8459845187533243,-0.30131824118119,-0.4371327255440645,4.0
1.2419381649900236,-0.2767421879662034,0.27625248755056353,4.0
1.3120392697319037,1.0251097205090391,0.533767323073111,7.0
1.2313705577564382,0.2518041191318853,-0.08492168238126045,4.0
0.04269171525816617,1.1146069212875807,0.4301933604339386,2.0
-0.31137078163423215,0.8409281541805405,0.9976853640787092,3.0
1.075017572656009,-0.13457284618041548,0.3708740527769373,4.0
0.23034195760839504,-0.2461762965025842,0.26994889810846123,0.0
0.007701548178312721,-0.22804896791573148,0.7588336517602635,1.0
0.6947091271884815,0.12493766577402345,-0.4580572226024353,4.0
0.6685706043524733,-0.002561430720788197,0.03743974955194982,4.0
-0.15019005267153965,0.07333790202211196,0.1534711909370273,0.0
0.8756429252328358,0.8251604408057744,0.07270818494418362,6.0
-0.1397805299590536,0.18636803299475763,0.8160996268923222,1.0
0.7180832945809354,0.09168022223118351,0.027819537994055843,4.0
0.9539281844297015,1.648888345542157,0.03337523149096422,6.0
0.1541777836518544,0.5148696156198916,0.427909281671379,1.0
0.4290316494654855,-0.06272354453280464,0.06232281598973189,0.0
0.5362941916235989,0.7138683189110651,-0.23683711573092836,2.0
0.5677945980279644,-0.17585307730590594,-0.09796287966378153,4.0
-0.18836571297796603,0.7737241166009028,0.5461225566348524,3.0
0.9916247029421712,-0.18137676180537007,0.8940224070633161,5.0
0.8958701516294371,0.6622745702930023,0.8407029221700439,7.0
0.5419819840683512,0.49512022676538725,-0.20020587925521743,2.0
1.6563061395073393,-0.11478987416835688,1.3434059786401937,5.0
0.013580135109622632,0.7745471717464012,1.0188754601625298,3.0
1.0173302833290634,-0.0893641281219982,0.8544472427320472,5.0
0.02275027198899899,0.8187092764577,1.0346198559608453,3.0
1.32975670665911,0.7346735172468847,0.20255115826850628,6.0
0.9580403854059014,0.5978452918244044,-0.47641893625167636,6.0
0.05523086119893795,0.03196434447344112,-0.16458642759026376,0.0
-0.5668039374153239,1.5122993205453859,1.053710324063373,3.0
0.04751919387831555,0.12245969228884776,-0.12079263614469604,0.0
1.3789617177066982,0.42444737075045214,0.3556672550337263,4.0
0.790560764408135,0.43657274906633337,-0.10972397347478094,4.0
0.12861074309545176,0.7113096585887877,1.04382865760243,3.0
0.823235348764318,0.9466505172942821,0.8259817504738611,7.0
1.038015567468968,-0.1671370518023434,0.2279244130841807,4.0
-0.05512611510888655,0.5487311904888643,-0.09735533202993002,2.0
1.2670603288141238,0.6044973539060036,1.0314516858375216,7.0
1.2096836227991785,0.7630573878012279,0.5340895551993647,7.0
-0.17723911530734465,-0.03741205584446286,0.8683743993848966,1.0
0.14214045783308224,0.4691479682792904,0.7603224401629511,1.0
1.1711591636343495,-0.25752517704365924,0.08413362178269826,4.0
0.9904317291175948,-0.3567339543823897,0.8510902544831482,5.0
0.8354529311748335,1.2768251273515625,0.02233159973974489,6.0
0.16319784079606509,1.710187879705018,0.7421373507899607,3.0
-0.2965606779980666,0.8197026259879507,0.8697623590465062,3.0
-0.3138003775095927,0.7390930650358545,1.5274221049572008,3.0
-0.3212047667688933,-0.3846871637492168,0.6829365118221972,0.0
0.7573517312201994,-0.5508269863010302,-0.38254656176462876,4.0
-0.07570270837164449,-0.24435627770657323,0.10710890530138152,0.0
0.14354932316714958,0.4655924668632866,1.2283167647790296,1.0
0.02936335423906396,1.0106174259265026,0.5925879572436658,2.0
1.5188733821844065,0.7355922248084655,-0.008999665615216182,6.0
1.4947666551487693,0.7660543278180809,-0.30283492452559324,6.0
0.9008851104372027,-0.09997308151670149,1.0045921731186236,5.0
0.98756805175845,-0.15544097774613128,0.20193159985507095,4.0
1.1276144648273245,-0.17523056398469253,0.015160590106797817,4.0
0.7794387546344321,-0.1872300428562728,0.03466988142161045,4.0
-0.30727782714862756,1.0421656897793847,1.3023608977199563,3.0
1.078613651505964,0.2813329879296052,1.1609380979754877,5.0
0.8258788158503748,-0.009698557723640791,-0.06293072248147832,4.0
0.4912960132141864,-0.1717619373597117,1.1225025717152932,1.0
-0.3051323163038107,0.9365736662747073,0.47946056970357576,2.0
0.9864865730243995,1.1433497630238145,0.4671679752382394,7.0
0.029224753466527927,1.1287077412659305,1.3817997349695545,3.0
0.9351260764545387,1.3564351053145427,0.1580769259095714,6.0
1.218337546120483,-0.42601695769048653,-0.45711162557460094,4.0
0.7180722900626068,1.3224494815970105,1.1937031661763107,7.0
0.19818888666542303,-0.22937685647942702,-0.23041558335189852,0.0
1.0577459052441456,-0.1433732197962281,0.7511507454620887,5.0
0.31793581417866973,0.8923342499517131,-0.10403887123361115,2.0
1.0237435507942594,1.1722651712614853,0.5360319046871291,7.0
0.0465494623090203,0.09871554341772812,1.318713039719264,1.0
0.20802563500833507,0.9584462875401242,0.5586387747749707,3.0
1.3656550620395622,0.8258744328762935,-0.19435131774292824,6.0
-0.4944704280654341,0.9510303565784631,-0.0974086723105869,2.0
-0.10528976527672243,0.8051826507273427,0.30612415191063314,3.0
0.06856951844314851,0.42326390011074744,0.044658196858184736,0.0
0.7318713564866728,1.015752113888241,1.4027530445763094,7.0
0.05341365548025892,1.0171868654829557,0.2718602814479863,2.0
-0.07348693865019804,0.513178197006043,0.868242168065688,1.0
0.7041300466558837,0.7923540067935648,-0.4865744862102911,6.0
1.2648190512363315,-0.3277474348257881,1.0536719703344497,5.0
1.4917066252550775,1.0737101271400187,1.6460998105588471,7.0
0.16696886023609583,-0.07759317227033617,-0.053020908668626396,0.0
-0.03768792310277996,0.1482904420753869,0.08766575517724703,0.0
-0.03725689100642661,-0.07526985705630757,0.02745689186411817,0.0
0.24520086975411326,0.20906695876605508,1.1166302828825085,5.0
0.04401747928480799,0.23983146492885424,-0.15446006349679386,0.0
0.3762956638760808,1.1903998583953428,0.23304836971913936,6.0
-0.2464368508176804,-0.03415499789367617,-0.13836077300517702,0.0
1.2915094167156111,0.03884817889391354,1.3278349364004092,5.0
-0.03913038116426938,-0.054100896235968206,1.5197121418114952,1.0
0.09497424786875201,0.8351627653404115,0.1486851563198928,2.0
1.0080837698910536,-0.13662587113872585,0.6209543083950412,5.0
0.8083091870948877,-0.541458114205721,0.013030687552267202,4.0
1.0548694360751445,0.9714816254247494,-0.057103545599859355,6.0
0.031423053888772826,0.6543856267465189,1.1088434935037428,3.0
1.3758021073460664,0.1831093136751614,0.0033667382051768492,4.0
-0.1385648340222396,0.19470373857217094,0.8236246539398443,2.0
0.40750754347793355,0.6003920400783727,0.2073275528989727,2.0
0.8250845145923615,0.2506567170943343,0.26473678329128597,4.0
0.3304433091518259,-0.19701547009241505,0.07400777372018186,0.0
0.8152433546283822,0.5122477663145413,1.0338868011442504,5.0
-0.7234022807721969,0.8987454275192647,-0.08785519849700568,2.0
0.910376983461991,0.8354004009786435,-0.45430713091853664,6.0
0.0740470378769131,0.4793948682565049,0.412844363238429,0.0
-0.2739195608654318,0.11863320659305059,1.0079849667172467,1.0
-0.22217466426469426,1.1222713196025185,1.0003809430359694,3.0
1.3540284511994714,0.5152755051499398,-0.1435123177564233,4.0
0.9802412231414475,-0.007713527524407343,-0.07233652432341443,4.0
1.0848741994131634,-0.09604258659008418,1.673968459259242,5.0
0.8833559679506907,-0.20201530772937082,0.8920258832727311,5.0
0.5501362139825776,0.2083181863772371,-0.486176817178965,4.0
-0.1445251924388727,0.8985439980905883,1.0730250583346441,3.0
-0.38053126642770846,1.1050319622302065,0.7639046616750154,3.0
1.0073466689710067,0.907948395373585,0.08022358018139371,6.0
0.8966632873738735,0.21116326355930132,-0.3935169841103973,4.0
0.9360881163579672,0.7709588690183529,0.6981606339948786,7.0
0.030611978843617306,1.3498262220367963,0.4912849659155112,3.0
1.2591134628584433,0.870255326231762,1.42553921127894,7.0
-0.06976569893504801,1.0264995733027158,0.6251423614761974,2.0
1.3939252700657603,0.8986225238559054,0.8492689152887158,7.0
0.6392260674080472,0.6206408818707136,1.1464622959495379,7.0
0.3231843881685995,1.5335373224659623,-0.14896695595996107,2.0
1.154177977932007,0.913497414065335,-0.1221608456205892,6.0
0.9222123079852967,1.5222845947791175,1.3386826688759756,7.0
-0.5854963972834157,1.4112689657095907,-0.3360138606952701,2.0
-0.39743910734253746,0.7478040759751787,1.2053279111090605,3.0
0.2720482946191611,1.497297959774904,1.4245106476719822,3.0
0.8048925971457506,0.34769026540434905,1.299484313367755,1.0
0.34859676966750913,0.957514297682764,0.33179258133136014,2.0
0.23020822499072713,0.42677998205676937,0.7250571514614127,3.0
1.2139474585056136,0.007402528032572797,-0.2581151535522993,4.0
-0.24582819028786349,1.189222428242263,1.1070707225178535,3.0
0.7347456665546275,1.1233396285150827,-0.5250334508368388,6.0
-0.1866873809233451,0.5953204937776125,1.3522649207712694,3.0
0.178933549164073,0.8338655940732366,1.695615995712958,3.0
1.6049755042217062,0.10134728410971143,0.12283068559762086,4.0
0.6191632086620199,0.14791450425646083,1.3902071797455922,1.0
1.0278191845727322,-0.03604495703646557,-0.5417422458465075,4.0
0.984998271885669,0.9708133406665287,1.287036567279325,7.0
-0.4548901815247795,1.3619765356437137,0.6569428716393086,3.0
0.917316246381153,0.9020459636556183,0.6146581000694131,7.0
1.2342734255600214,1.5246956355494838,-0.23504663991344255,6.0
1.2862696970486496,1.4023371678765972,0.23157349850653258,6.0
-0.2731539475134846,0.8859740808911593,-0.1216792223695066,2.0
1.3912556592772916,-0.1608320986815695,0.4142732868945121,4.0
-0.1244783460551275,-0.09117049707334156,-0.07795513850193257,0.0
0.7237413286159233,0.6268176450364646,1.048952592225116,3.0
-0.5216335204851035,0.1330299030662239,0.4528516943291319,0.0
-0.22170095204813603,-0.4395943181284171,-0.31173155791672946,0.0
-0.3455849530807388,0.2294227089291458,-0.030049237697637003,0.0
1.331884938709709,-0.2859668439659391,0.45295312231226237,4.0
0.8161305250573504,0.08562616096633124,-0.11969721491515717,4.0
0.2915579386095204,0.7235455697191153,0.5994663233693419,2.0
-0.16600871505859008,0.008998365219960539,1.1323104538592905,1.0
1.4001687891530914,-0.0025541408259477294,0.2273954059818335,4.0
1.4731536348728531,-0.25766600675350165,0.6912461750845941,4.0
0.3213000707834009,1.590371580561178,1.3130225101272543,3.0
0.12263512303869299,1.292753933961119,-0.1600268497474031,2.0
-0.039203101380942004,-0.14894136812971054,-0.0186564927905126,0.0
1.1462224905862417,0.4015236087541001,1.0441244558983085,7.0
0.22080310362112401,1.1722657521183357,0.8193505496739366,2.0
-0.04807935735935505,-0.34281479727795644,0.9050611648589129,1.0
-0.024546521861026575,-0.21995636707243013,-0.42207954084433796,0.0
1.1759847194799335,1.078053615202033,0.8996954914816903,7.0
0.19197667302073337,0.13028205942701812,0.26349670082214,0.0
0.09876509510898636,0.05476068195980898,-0.3481483537968565,0.0
1.070372288559423,1.043060379279138,-0.2850904488933931,6.0
1.2186999365858582,0.5383194333565868,1.2845304473088588,7.0
0.1445215712995233,1.1599499235636106,0.9225491926341258,3.0
0.5554008508442879,1.0521646486872385,-0.3345869466824434,2.0
0.5450549840974018,-0.019533035436502536,0.7719767989897031,5.0
1.053745535593708,-0.07543970488578365,-0.23989506517585799,4.0
1.1454859088355611,0.021591142878006547,0.9762436466851345,5.0
1.3534284041907776,1.454372383418554,1.2625617327612635,7.0
1.5004629608240339,-0.03908282081865284,0.8964884180159743,5.0
0.9769478509365361,-0.07352959263987582,0.4014677084788868,5.0
0.2628853549139335,1.113408504552094,-0.046487573677746426,2.0
0.1297404905950925,1.2530818792227354,0.8448274221601058,3.0
-0.01140163349877441,-0.40533406777733194,0.7908287101661533,0.0
-0.043080391654456505,0.13162442333500957,0.18469320407312148,0.0
0.06649981516540254,0.42891469245539415,-0.336045592889319,0.0
0.7526218220189543,0.44385700069148853,1.1114447253732054,5.0
0.6661617557380659,0.9696442341292024,-0.11835001553512266,2.0
0.9740095741686041,-0.32934570724381995,1.4193545583282994,5.0
1.0678969182182059,-0.16188328344844147,0.8489620629026169,5.0
0.8796438955683512,1.7472911840016156,1.1069528717443078,7.0
-0.2719851436777439,0.04944101801873284,0.25197645865402873,0.0
1.3823567174738414,-0.7012230059404706,1.4805760085498156,5.0
0.7704453204433523,1.2689001649741176,1.1858312894852652,7.0
1.2777192579108014,-0.21656052990715005,1.042975476161702,5.0
-0.21976704644236128,0.6097634525051152,1.1305921017928444,3.0
0.9739353262056369,0.6551602327380115,1.088294906432878,7.0
1.0763719589739924,0.8822711552515576,0.7475507646591291,7.0
0.9210196203122408,0.9486677926746108,0.3829608146918182,6.0
0.873903170794099,0.809835048602348,0.9782802618459308,7.0
0.7740683652654529,1.1152447058175214,0.7394722531427544,7.0
1.3151701976855903,0.014931927806769498,0.318047964155841,4.0
0.8418873141030996,1.5765628684508228,-0.3401858086237214,6.0
0.9703671343367232,0.6479699880322981,-0.14091601238064091,6.0
0.9697379691870663,-0.0017705237102306327,1.1786517088619541,5.0
0.8791147650303568,0.1440156129548183,0.9470338330724126,5.0
0.14508005993789774,-0.029364812599809845,-0.43435044245485693,0.0
-0.43005159778305263,-0.24340167305091956,1.4318035280975887,1.0
-0.1735794827206506,-0.36243274811126386,-0.12453323265713453,0.0
1.0275931906648932,-0.11722066408166772,0.48500395187686995,4.0
1.1447049988651528,1.0672343133192548,1.486076724000899,7.0
-0.43447553670945754,1.4395106954193708,0.9949123854844664,3.0
0.0454879886489991,0.6503060550929054,-0.07145602659978197,2.0
0.776778499131751,0.8162683762367018,0.07813842871750173,6.0
0.8955077988171233,0.4931469530263326,1.048535319622291,3.0
0.766885592022111,-0.0917088414209594,1.3776871858007815,5.0
1.1293224102324722,0.24014848514530296,1.1922565335837634,7.0
1.0197298090866693,0.8566873702934933,1.0811837947641205,7.0
0.6741561135107842,-0.2236642288457079,0.13666383377435581,4.0
0.44318911279747114,-0.09289366202769503,0.7276734267239322,1.0
-0.09584000461560867,0.22778499029463556,0.23911150961167787,0.0
-0.09371027894798463,-0.26729551305775945,0.4994985798701568,0.0
-0.20082856833920262,0.7977993420241383,0.12059321861163175,2.0
0.42503610514226675,0.9470451317621018,0.9687537856647621,3.0
0.5673573741858522,1.3139858428157276,1.2023030903901322,7.0
0.6930527123068007,0.8390605127999244,0.16960689982477817,6.0
0.5996286707829835,0.05921371911899198,-0.058750196441281446,4.0
0.1370639841996336,-0.19417251336009625,0.37380595566178687,0.0
-0.031337257649208854,1.2559358672716583,0.1255734584930821,2.0
-0.005087401590494517,0.8004781115918078,1.06479099174268,3.0
0.8838757427707792,1.159988447397644,0.08439198372955578,6.0
1.292827603442458,0.8315669912748918,0.5254816747164328,7.0
0.039500532960955605,0.9318133518427374,1.0296075204230992,3.0
1.2590873906990834,0.6869521862573806,0.11944665928514821,6.0
0.10627561220280514,0.39026988321234535,-0.09744487994796491,2.0
1.4138933225910946,0.05036414133881017,-0.0553259046973596,4.0
0.8003553939166058,0.6112410602477678,-0.7012287656311611,4.0
-0.31876102554266,-0.12638332542317943,-0.4746582796122603,0.0
1.1706220419727813,0.13890211887053577,0.9696016841605667,5.0
-0.576223458008933,0.800954563501334,0.11280156118025089,2.0
0.5063115353261012,-0.3538349236059122,-0.041017501654882,0.0
0.22967163252057365,1.8334111695419097,0.22544141080648997,2.0
0.8982428879401501,0.47459501649590413,0.25531621355673007,4.0
0.17975099390132493,0.07280522170958864,-0.02096718667188844,0.0
0.9958335867536938,0.3450920584092617,0.254762881115347,4.0
0.10404050001039056,1.3635020628000478,-0.616024051802526,6.0
0.2957443687568736,1.1204576026371513,0.6937606872936745,3.0
0.41323436196878327,-0.16319415323261766,1.328193113583963,1.0
-0.1448356089477763,0.059960049331105304,0.7451604850854395,1.0
0.6968864813425959,1.093910566587162,1.1093047096238677,7.0
0.695647857622745,-0.23084799406868145,0.2000468370708377,5.0
-0.27373577043668496,1.2851524560020184,0.6171493966361585,3.0
-0.4085859054512006,1.094785561885067,1.3030968953259254,3.0
0.8789304000708327,0.5238781133174722,0.7527554923993068,5.0
0.27693520697632595,0.7042155723793966,0.09359365268126078,2.0
0.19746886481804307,0.5947514156790416,1.1426335434523196,1.0
1.254042290880645,0.99491883350001,-0.20415463329589914,6.0
-0.17770697283016254,1.7041467229037575,-0.020635672200982166,2.0
-0.04239381366537548,0.3180955641031779,1.1942812365943747,1.0
0.7477630832551445,0.584753906443791,1.2675244373851644,7.0
1.0756187110144382,1.4229992011510497,0.8880883720492301,7.0
0.19958713378224682,-0.255734595760436,0.3201852659688874,1.0
1.0921156284454527,-0.21887702338453469,0.9165984580325695,5.0
-0.09136752317953928,1.0622377550350897,1.4383676607921625,3.0
1.0099135320877028,0.7858971820121644,1.4047082134761664,7.0
0.08535336258196345,1.2116756048035133,1.3150102328297544,3.0
0.10719439942893584,0.9183059958967288,0.005317100264029676,2.0
-0.4061786389206528,0.2904916621923019,0.24834747165453808,0.0
1.4935153953340166,0.20136030021960008,0.7354278103614507,5.0
-0.15515282327940724,0.8678994318474693,-0.13676532921845228,2.0
-0.40340609947604805,-0.0018439321318259286,0.3361578616062631,0.0
-0.31278856896101775,1.06944512130707,-0.22631002895168156,2.0
1.1161168009703866,-0.09569739640456872,0.9129239074862233,5.0
1.1422585004306258,0.18849832940329056,-0.36780987945105675,4.0
0.485636378947548,-0.0770461441249014,-0.46294140745584195,0.0
-0.2689663409490168,0.523061542785529,-0.07980661950563821,0.0
-0.04982616326016175,1.442451964103287,1.0757951219406345,3.0
0.06530585070327627,1.3719854058354366,0.8421073033045084,2.0
0.16220834998566708,0.9800545003919615,0.2402103451542662,3.0
0.8212099281006473,0.006767050527962476,0.37957307308316673,4.0
-0.5533534782341235,-0.163858929721791,0.5915727053235778,1.0
0.009238803833018918,-0.05136390878551039,-0.3420819637357906,0.0
0.8629952247377572,1.391517467672574,-0.05924614366772451,6.0
-0.26573829882375377,1.0858782782656786,0.8784720581606293,3.0
0.12295356834743966,1.048042975527239,0.1214285205043244,2.0
0.40410235151821006,1.214040708906074,0.8439017999504402,3.0
-0.049920380756678547,0.1392160067240901,0.40767677775864053,1.0
0.697110925956646,1.0148906261993593,-0.20878149480257804,6.0
0.1777576811031187,0.5961168336069642,0.09595464438273783,2.0
0.027409874322528036,0.0983923651571583,1.1320897784665376,1.0
0.6164408552431642,1.156595830695724,-0.10009410777098389,6.0
0.35954471323186954,0.07157814775687205,-0.021580189139325374,0.0
-0.3266782376375257,-0.4073962522577734,0.991721154873598,1.0
0.9610065621121113,0.2524298407698086,0.4382956243608615,4.0
0.1144125955842343,0.11690611822655189,-0.7581764826262901,0.0
0.21962317009850166,1.5206681709662098,1.159107334301068,3.0
1.1303910968207607,-0.2565729751584073,0.07924154324130557,4.0
0.22323764776935356,1.027949937717673,1.1436831085912869,3.0
0.008999056049099412,0.7928483785832081,0.6058518536160766,3.0
-0.5864581203797753,0.7048318105569911,-0.0026354472677058045,2.0
0.8982306202825505,1.3835057529257857,0.06376772602111151,6.0
0.11961520425326022,0.1688133901989661,0.8366142514875469,1.0
0.04601933689991849,-0.3026615202906488,-0.044970942180294876,0.0
1.1860640221024255,0.13951160650906744,-0.38797318814278914,4.0
-0.5868101325812839,-0.20578906353556595,0.47617276840344436,0.0
0.2162455403177187,0.13765212470343238,0.8618647460966194,1.0
-0.14269522737807339,1.043961301296624,-0.4139550957617623,2.0
1.1429101939353918,1.1996134804692775,0.9190932676786642,7.0
1.5367984854471157,1.4550280802751665,-0.021880344842917714,6.0
1.2551543416432827,0.6151091102682135,-0.036256283765461174,6.0
1.0127121141909416,1.0145467226081903,0.17984097445244757,6.0
1.1109383948980749,1.3879949677703103,0.6764577495300004,7.0
0.13587017043515368,0.20979832183206606,0.9668122452918051,1.0
0.5876353811517852,-0.25412964914811914,0.5537002699916669,4.0
0.6541322673945823,1.5369451202839994,1.0839607690402477,7.0
-0.30824918610117596,0.6351263416217101,0.17797482283226004,2.0
0.6513186915890523,0.31389989002229546,0.48485878380302805,7.0
-0.10593584458138168,1.1350969009847716,1.0321353204565071,3.0
0.3299832588652528,0.49225305304745615,1.031453287048701,3.0
-0.12315802213266708,1.0690307591055812,0.27423703529994714,2.0
1.429927882608527,-0.0979419046472624,0.9714664013836406,5.0
0.965581766995843,1.2682975930052238,1.390733118908791,7.0
0.9927885608826091,0.5982000624648428,0.33015297663354626,6.0
0.5520341730945058,0.8257557581967208,0.33815297984797293,6.0
1.0177444907272342,-0.07533789699181327,-0.6574299096618224,4.0
0.8229613066360766,0.6457332383857521,0.016614678955135836,6.0
-0.0763571787691834,1.0789084278493548,0.9502956808693893,3.0
1.3860981518998936,0.7076072552623298,-0.25779444341979246,4.0
-0.21171646797125004,0.15971186116261418,0.6561361858304031,1.0
0.7365627984488541,0.9343126615831696,-0.47456084378789665,6.0
1.3022452591684084,1.134931421365372,0.04614158080460169,6.0
1.3614121605645964,0.5524532613754221,1.0481789544199709,7.0
1.6112937115372774,1.2320324452631612,0.1428008714956783,6.0
-0.17874400801818266,0.4106623002990367,1.1079035357356086,1.0
0.261151505494157,-0.20005834456096142,1.1786076147518942,1.0
1.326413597823443,1.1713144476466886,0.20645658070673478,6.0
0.9968693857308819,0.2815992846302458,1.1563527967449239,5.0
1.2548596395017981,-0.3607470167866343,-0.4313760503760262,4.0
0.9831877041804541,0.27269930277018684,1.9123020056113234,7.0
-0.6142082976213876,1.256511735639411,1.0268684128935837,3.0
-0.30851841833077703,0.7262389372480789,-0.44705002572590485,2.0
1.0929594414435078,-0.018508713486529813,0.9703803471259043,5.0
-0.668568052817173,0.392441059688825,-0.1268963046971548,0.0
1.0530817083722592,1.351874000625649,0.6527217499692297,7.0
1.0380494757659877,-0.26116928387498206,0.159518886810695,4.0
0.0038376520151573,1.1146500561768877,1.078345698692791,3.0
0.27716517090584303,0.19177254588085335,0.22229450856980423,0.0
1.1735128842377234,0.3021486125003575,-0.09625766843518184,4.0
0.818323137895826,1.7086590173796092,-0.5061272587306282,6.0
0.16851654932449525,-0.014844857108666946,0.03923320723374872,0.0
0.10961845380272807,0.2367936208465655,0.010419581210954649,0.0
-0.22237870997895187,0.3715752569961034,0.6896229399024632,1.0
0.9211368125677247,0.10650824928906426,0.057824314320883724,4.0
0.609779364689153,0.31684729964833785,1.2234279819223912,5.0
0.6491425834920865,0.11297492027577419,1.8800933021654727,5.0
0.7832830036705254,-0.13955311095446837,0.26836296948344396,4.0
-0.1792617347521027,1.5471531409675383,1.3472611606561398,3.0
0.15607412067297416,0.6548288085101787,0.8631716724129973,3.0
1.342037231693091,1.8901134629125353,-0.489839168919991,6.0
0.16910521608125675,1.1034484502139446,0.9182654065655078,3.0
-0.09250539352448361,0.8742129794546873,-0.22817273276745526,2.0
0.7947561276577482,1.3563677296997256,0.5138998981680941,6.0
1.344926778348381,0.09060001014162587,-0.12576341001122207,4.0
0.25836063893688216,0.8845974319127857,0.5161759805208554,2.0
-0.5778423862766413,-0.01878508954271181,1.1477959182139623,1.0
0.07647777453622051,-0.266306777378501,-0.2927607730556245,0.0
0.7144601242155967,0.8244573798044692,-0.18664647135285262,6.0
0.14155645683085544,-0.03134449012087307,1.0013187552165594,1.0
0.06122350742278843,-0.20375637724873127,0.1802324487563294,0.0
0.034825644633270016,-0.1182238152148666,0.9254137672641202,1.0
-0.10110385624440643,-0.046244091047101775,0.5979930949591981,5.0
-0.12063668062475494,-0.08339987971187136,0.7628139219218488,1.0
-0.07877009541334169,-0.4372002948822352,0.1338139042622051,0.0
0.23386621293914597,-0.24037489448064495,0.41215570503030674,0.0
0.9554736483146545,0.8775265974430597,0.726329149228292,7.0
1.3050449897871332,0.0534333765213451,0.6152074053597391,5.0
0.7863469409152559,-0.19856427945293992,1.227633428282401,5.0
-0.012607026697987784,1.2608213887898405,0.62748003110413,3.0
1.4152504287630532,0.14813235370480451,-0.018334677859121556,4.0
0.007539028887229541,-0.19095191494409994,0.8873564004086619,1.0
0.9502407772895307,1.4801474190457862,0.24617932831502434,6.0
0.4259030782029497,1.171359804833058,-0.06362002833818155,6.0
0.9443812390161507,0.8317964183969447,-0.1622460493311349,6.0
-0.03416649259868491,0.27557857564494137,0.04855820416639176,0.0
1.2438166250158487,0.7056359126002858,1.4634427602948195,7.0
1.08700590825364,0.041964551083713705,0.09657388183617761,4.0
-0.12563226961437565,0.2098847933571506,-0.024632954516691247,2.0
-0.1883925605454237,0.13974472031271604,0.37158527095949434,1.0
-0.13749498341906416,0.771252028712427,0.6829031450609117,2.0
1.2242716014652546,1.6170715106376954,-0.16318494109778417,6.0
0.9172112026590035,0.8777560653129166,0.8832088214129388,7.0
-0.4715382444045524,-0.1662230043136909,-0.24580909760237402,0.0
0.2568055491501383,-0.02135238250572345,1.3192474165712083,1.0
0.33367636357954805,0.15704305247361863,1.4115314198310793,1.0
-0.09031104400967159,0.7401192449276761,1.05601468906162,3.0
1.6562170880404143,-0.11700386578187007,0.05731905424563235,4.0
0.48265623521945167,0.9605814760162914,1.1079965799061524,7.0
0.3049131345583862,1.0869828874266598,1.0641085833370219,7.0
0.06853896935376633,-0.15145959294335132,0.24398179968179073,0.0
0.7015173137681356,-0.19269791421428126,-0.040889347696262,4.0
0.8553172867019354,1.2679768263075095,-0.2088579622261281,6.0
-0.29921890344542684,1.4554849855885652,-0.4792509078976025,2.0
1.255875585475327,0.9643936889395666,0.5542052440310943,6.0
1.1378243348816333,0.7444799503449336,0.8543453830024919,7.0
1.012107682114385,0.49128454883585254,-0.24322149558368097,4.0
0.733938072375979,-0.2164734960520345,1.1264564723878019,5.0
0.9993111807691966,1.440191305949444,0.011187848170717345,6.0
0.7545850662716423,-0.17508069854436228,1.2567832088659778,5.0
0.7574100633113576,-0.4471774089094235,0.6852554650706166,5.0
-0.36385409061741075,0.7922000085748446,0.7288424732920538,3.0
0.6088754755524394,0.759829084061777,-0.02883799377197185,2.0
1.529116207330838,0.015067319663121033,0.33220600653728105,4.0
1.1804094748595175,0.6105090299145017,1.1200823563659295,7.0
0.14937590048668786,-0.2517151559328791,1.2082863548045766,1.0
-0.08994439043712958,0.16629916832681702,0.4349396074601488,0.0
-0.08795683726939775,-0.1028016282378157,0.14302765166388798,0.0
0.6261862062541137,1.074294444789934,1.4109755130085437,7.0
-0.3065968557528682,-0.04579189087414269,0.0682039398733441,0.0
1.1963167489381155,0.5264432397215737,-0.31181930463585794,6.0
-0.06228985081772808,0.09244260445741825,-0.8681022488485327,0.0
0.08179886369379112,1.00991734581234,1.5763286464682416,3.0
-0.5892805669886506,-0.1422572277051288,1.1302513020376452,1.0
1.436102378271476,-0.4606204182534849,-0.41214539297125585,4.0
0.686281119079161,1.1961185735096618,-0.1503317953068121,6.0
1.471870814255916,0.9313736552020397,0.8609521302986471,7.0
-0.4041375608422504,1.0552940321241155,0.8695982014612246,3.0
-0.23104758780147183,0.5850582716125209,0.9757908826712761,3.0
-0.21613331931840382,0.4147759175313508,0.4661882302017264,3.0
0.6463969976866597,0.06604473205315738,1.3182194379558534,5.0
1.0762307090516163,0.9566232352041435,0.03216843388775805,6.0
0.5541559770226847,-0.16321180028701052,0.08090894433432053,4.0
-0.03278184486404721,0.4796819151909544,0.991885008467158,3.0
0.9637492887583942,0.07907620997006526,1.3511471549618188,5.0
1.2175138933071459,1.0261235518159757,1.6374257005023056,7.0
-0.14519584007420508,0.793498644939941,0.3422722054827391,2.0
0.16133613156480134,1.4249725869742382,0.5795633662209482,2.0
1.1223354867789113,0.024945616639098084,-0.09882275474767314,4.0
0.8615340878354785,0.7550281248825508,1.2044798132915056,7.0
1.4160388507076611,0.19064549806448208,1.107081927732238,5.0
1.1591530728028683,-0.28778427311584315,0.07521911045047615,4.0
1.484861276105875,0.13585132747386702,0.34155838490826007,4.0
0.16391323223332513,0.7915203166715541,0.8916569548856106,3.0
0.9002744007941336,1.5306874401369506,1.5926163770023922,7.0
0.021323756801839715,0.043855196522608865,0.9681522288048875,1.0
0.44142039201743577,1.2661721603150875,0.13371621011461227,2.0
0.8992758761718445,1.1238410125693536,0.6519849691741292,6.0
1.0842975667585575,-0.1400426857299944,1.437631204052568,5.0
-0.012733634968063439,0.9114954190657052,1.0429262722020638,3.0
-0.1690472738435845,-0.27630311566247756,1.021600833430814,1.0
1.0931698894269188,0.3720599231215815,0.24300507040939234,5.0
-0.24818155572362502,-0.10328158768915055,-0.5328635550988319,0.0
0.01101415531601461,1.0717929671291262,-0.05372215664058239,2.0
1.2599368515095115,1.2005192711370847,-0.38011182753014333,6.0
-0.13422938944393262,0.8790391031733923,-0.4821913643336615,2.0
-0.14979742627261503,0.06754424339470387,0.9824550956457051,1.0
0.8030845781648641,0.3888370002219912,1.3772147958243783,5.0
0.8523632500541032,1.4102173561266105,-0.15077489502494623,6.0
1.3314649763197088,1.6144567283107567,-0.36892781720226425,6.0
1.5970542791713955,-0.054220428726298515,-0.18772694171566648,4.0
-0.3106876140845483,-0.12377016392966218,-0.11775116639768955,0.0
0.7521234735623099,0.04178277111415226,0.05834334578856008,4.0
0.30727942289108995,0.8101567518483166,0.29252780373836873,3.0
-0.25623913265372306,0.18408842001489603,0.5778638033627028,1.0
-0.1731741945871045,0.4197201673819405,0.7014614851997222,3.0
-0.578171504178265,0.19521362340077517,0.02360928266812416,0.0
1.6454610487250207,-0.0814766185062176,-0.16485589147931431,4.0
-0.024188236972255306,0.25201008952694826,0.08821828052945431,0.0
-0.3723076774784881,1.738056238833019,1.6785847961346856,3.0
1.3181957082738325,1.0553826196569396,0.8694630412887101,7.0
0.7710526290702675,1.0989880340420832,0.3035787872206264,6.0
-0.38956458076089706,1.102502599339742,1.1160918576786791,3.0
-0.4168662691192093,1.1656644308534598,0.02712085672951004,2.0
1.1203458176090304,1.0456808850112005,-0.06304022035611746,6.0
-0.34447593520847064,0.9672320701271737,1.0511579569838236,3.0
1.1855131587074736,-0.021935258113908354,-0.5272903546932367,4.0
-0.17465929595064972,-0.5208265367991682,1.308340771875249,1.0
-0.20015628406725552,-0.13817798864515812,0.19901970064090244,0.0
0.12148475215702408,0.6942221343202197,0.659061766722353,3.0
-0.08597452339445881,0.8078332348930276,0.13409775576365368,3.0
0.4505169215279296,0.1919746245507318,1.4644598720414819,1.0
0.9053972856517171,1.2639991482802686,0.8411853771806497,7.0
1.296881338057867,0.00643261713672989,-0.27891452975427344,4.0
1.0383725959503207,-0.20137728683575865,-0.8087131660283972,4.0
1.2967599291338918,0.18282072639265914,0.1959669173851742,4.0
1.2418908802670663,0.33702616080476944,0.9047871539757827,5.0
0.5021438345298609,-0.37856827265499315,1.0778232182324488,1.0
-0.4316674078912467,0.18839301600866465,1.574769593087129,1.0
1.1956817116303657,0.30819405610677675,0.125277698513401,6.0
0.21591384398895477,0.13210350585899483,-0.22803348499173087,0.0
0.27863236929873336,0.9716293666743027,-0.10144797276091841,2.0
1.5429533044870558,0.6285945558161496,1.0954672886763372,7.0
-0.32447598100995245,0.1951536141217631,0.6935958565902598,1.0
1.2677601938131682,0.34853199274087027,1.4031054484274759,5.0
0.003961724530792715,-0.3157946144319545,0.2663444951211973,0.0
1.161263505034464,0.5703533521731713,0.20902963715658324,6.0
0.7802767876219978,1.4811239614576523,1.1769795116051631,7.0
-0.4039924393544142,-0.1730360545948222,0.26645856923111627,0.0
0.16237851482248838,-0.00383951766453717,-0.6470762989513839,0.0
0.8868881074054049,0.6556932731220297,0.2251596826473625,6.0
1.1025781534135346,0.7726929915341914,0.779110441055785,7.0
1.1877525298200577,-0.08157673674531385,-0.01075840859005389,4.0
1.3423769415515194,-0.2097696393938923,1.0266451135701498,5.0
-0.5795615925160232,-0.061053210727049605,0.5600588163283609,1.0
0.22791651692226247,0.46268820084732365,0.6363317962087186,0.0
-0.12463006742901529,-0.12748484388842748,0.9339444131416281,1.0
0.6181026226559374,0.3893808991358625,0.4053335666628393,4.0
-0.16485368654414265,0.10474201077415451,-0.008830852429514452,0.0
1.001589629841244,0.30452447471578553,0.12281163714371997,4.0
0.8005838135695761,0.12752934867549487,0.6395877431455876,5.0
0.5976990706051972,1.2909996006815252,-0.29447431478345526,6.0
-0.15870809154076262,1.150157964195345,0.015682605839225348,2.0
0.8992673694713131,1.1820161443723514,1.1864241571351368,7.0
1.558087446047082,-0.2695057995015098,0.44605033410368966,4.0
1.086182942631067,-0.38296119477235896,0.0725992182441285,4.0
0.8068775512295077,0.31256298069436494,-0.20277773975270125,6.0
1.102148080658262,0.819303471976959,-0.0864592333205115,6.0
0.0831615310833239,1.1946878830586547,0.6141626193813634,3.0
1.2489939716859417,0.08316022231423695,0.8267796740083477,5.0
0.30658737511818784,0.11000474464469139,0.4260963695939524,0.0
0.9074983023912934,0.1047718376911219,0.4898151424509385,4.0
1.2319416053633865,-0.08050418732983744,-0.10060140505088146,4.0
-0.16193876177688554,0.078778391966117,-0.24496193691299498,0.0
1.0637988448538769,1.3267860640971647,0.6786399136076906,7.0
0.6487800375751089,1.0102487175282828,-0.08024983718164648,6.0
0.9061252851501027,-0.6927710929367742,-0.3965737160990383,4.0
-0.06312691138864998,-0.2052473180906385,0.14284005571664682,0.0
0.5310971615793196,0.6615277656858072,0.591236669617821,7.0
1.3598915770526228,0.12171543140452076,-0.2650392901696761,4.0
-0.09101953652491988,0.0054110440904644825,1.427744123594615,1.0
-0.1407768539556414,-0.11671198387605543,1.0725218027614822,1.0
1.0617644665243509,0.711881076496224,0.4767469135135577,7.0
-0.2014204238018488,-0.5156399684157462,1.0487011568152895,1.0
1.035377726118033,0.21437793425322701,-0.1477676356330594,4.0
-0.5684544450696908,-0.17277945284690988,-0.011103932195685704,0.0
-0.0017688739616615688,1.6440330403631829,-0.05183640575911971,2.0
0.37723791337500634,1.1074041133071988,0.061468778306806915,2.0
0.8236059767039308,0.8557096464398075,0.03774357953144588,6.0
0.4114744071118912,0.29398464118779905,0.7754165336215622,5.0
-0.06420183413336099,-0.0020509050004164976,1.280820306433214,1.0
0.10686430006291522,-0.060231924709864396,0.7950384108528309,1.0
0.9010685796470337,-0.23714692972343582,0.1334686514617854,4.0
1.1975146176743512,0.5338939281084628,-0.31925299114112676,4.0
0.07272725445701794,1.629317645384246,0.7075552533090824,3.0
0.9821993929401175,-0.13718264743393155,-0.749882032198454,4.0
0.7394614379820137,-0.08136346828173094,0.9840413530645495,5.0
0.34274629158283304,0.21775104036028411,-0.028147784798032628,0.0
0.015761231716634308,1.2217333532264087,1.2202457435065914,3.0
0.791737949484834,0.1394897856971317,-0.12801686213783753,4.0
-0.3329875066102334,0.5064662370501452,1.3413599396251141,1.0
0.6721871245499054,-0.04858328984955393,0.6696202142992574,4.0
-0.32174980631991584,-0.38466771275048467,0.6117398560137164,1.0
-0.08646813002213383,-0.12342696855067936,0.8392681665710141,1.0
-0.18359176700588767,-0.463866769935006,0.8931514387205957,1.0
0.7140355339922912,1.213453458228864,0.11176148207100352,6.0
-0.31214444550234255,0.10472396246787352,0.03735403006480892,0.0
1.2398504951253138,1.4793382068300365,-0.004623901895886218,6.0
0.30866747676865797,-0.16581738319064757,1.7802402713312029,1.0
1.075167561614066,1.1349322697670798,1.0218286511902102,7.0
-0.04190877161592214,1.6373467129662345,1.2125729173211308,3.0
1.252803240200943,1.2435958551929305,1.4343091759314741,7.0
1.0719909153895788,0.9902172761107713,1.6389533891281265,7.0
1.322733436354825,1.2500315981032832,1.3804537537778443,7.0
1.158176132842264,0.7773441606136515,0.1497151662921743,6.0
-0.25236273819913235,0.9824936325598175,1.6933595570754125,3.0
0.46697242474740436,0.7069412608663832,0.7439855791082615,3.0
1.2233548967189833,1.061679800399234,0.30292606918301607,6.0
0.6668105997825866,0.11502221467585177,0.2771835541687007,4.0
0.48762820061266254,0.5700610405314075,-0.05385761815281081,6.0
0.24716428667526744,0.29869509156406004,-0.1920685539572839,0.0
-0.5467539072875017,1.2365348225880484,0.8741857767949256,3.0
0.09812571937877443,0.5132965626046189,1.2323955383082963,3.0
0.4597634462110751,0.33722052373848005,-0.19643003962972597,4.0
1.0116466444563814,0.27289905059623293,-0.1171069773695827,4.0
-0.17702852403604918,-0.0718063693601939,-0.05976593977256732,0.0
-0.27172106505926596,0.7345074774176092,0.6121987654518329,3.0
0.19596673798924066,1.234258020910123,1.0357896992357674,3.0
0.31247345339512433,0.043203314963908376,0.4842988179777352,1.0
1.518504492277644,0.11419723294769839,0.06220535931532127,4.0
0.16355987556726492,1.1217724738751043,0.05476446014908908,2.0
-0.29304467509253346,-0.07259728059336636,1.4123017815852006,1.0
-0.08144972678897724,0.7346680872645227,0.6669599868541639,2.0
1.3181919160056528,0.24985520838786354,1.4321086646654932,5.0
0.7229557607112809,0.012471582310309674,1.0021705159612793,5.0
0.14983897070960883,0.3189841032449789,0.37318861661604136,0.0
1.1736340768180253,-0.17915027033768632,0.9344546140749743,5.0
0.1870487529506394,-0.09259759808181815,1.105601322515778,1.0
-0.31505324260387374,0.4036186517785908,1.1458956761951873,3.0
1.3615212539643318,-0.1387589303909157,0.2709395138363597,4.0
-0.5539136356727558,0.9411624444902101,0.07823084604046972,2.0
0.9715558562612046,-0.5664989450191897,0.6833676415659686,5.0
0.9550092323460416,1.3452580628815898,0.7559831718333119,7.0
0.9318681749242386,-0.02613838015854424,1.2798419050451595,5.0
1.7492245871120273,1.3648855856011672,0.7664917998143976,7.0
1.4988672250541946,0.28549797326689585,0.4688420181146159,4.0
0.21365206658485458,1.0339953009803675,1.359827364932144,3.0
0.5504570038115102,0.8684750122907332,0.6929288537847276,7.0
0.9935914026341014,-0.17944443130733656,-0.7990384953058357,4.0
1.1164189633223243,1.0871594030945868,0.9842587782202324,7.0
0.18822006100755775,-0.2635489307050019,0.14684148316662898,0.0
-0.047390869624828934,0.07370041666144499,0.15505197734547257,0.0
0.7149928640535237,-0.28498516733702434,0.8380686273317626,5.0
-0.5819990469031892,0.5835407976455266,1.2624281999817506,1.0
-0.2544922221865362,0.08945738065752745,1.3255501557741627,1.0
1.3221787249283823,0.22844357829731776,0.1414265383914358,4.0
1.046008073754748,1.5695749718305114,1.1719690608067588,7.0
-0.7346093717610452,1.1061985483882628,-0.09021598761473042,2.0
1.2015914728090307,1.1342200703435301,0.09282215728535043,6.0
0.9619180373082505,0.18507673630288923,-0.2059024147066116,4.0
0.8400297922938329,1.149291285664239,1.183793007897266,7.0
0.8319547910124141,0.3633722016665325,1.0364540811658258,5.0
0.8929353404951654,1.1872762181302496,-0.9615433691771006,6.0
0.07333855961001223,1.3373421275870323,-0.3064844896556998,2.0
0.2584878223969915,0.6362347575696523,0.11997907189170996,2.0
0.8492107193386842,-0.34058729411492705,0.857642061726231,5.0
0.22183705239384385,0.8112172902591841,0.06873827988038278,2.0
0.7635464308406075,0.6595426330391141,0.1309039938375649,6.0
-0.4600380202720568,0.027163084695556124,-0.07437359846615792,0.0
1.211929210214535,1.072189301603252,-0.46205691607536964,6.0
0.10050589484828974,0.9808705128348887,1.023054852859346,3.0
-0.13210759378765377,1.1160799989908377,1.2600861734755102,3.0
0.9683299618361596,0.6608446314506671,-0.47494403739061286,6.0
0.7808174743928473,0.7705349009942757,0.8049386576802493,7.0
0.1219632053857031,1.2140041640045884,0.7934789426288306,3.0
1.3843432584628865,-0.01252442080326735,-0.009834044208253205,4.0
-0.044908786016177586,0.33209233908649327,1.0659544779592633,1.0
-0.18355282306604676,0.8720807006497378,0.032605818180167466,2.0
0.0845366729196229,-0.05832433055156039,0.7724195091629493,3.0
1.5768475917943863,1.2741204277798497,0.8197585671379666,7.0
0.8273326389858848,-0.04533644369135591,0.8289593764438306,5.0
0.6560509181844625,-0.08177341579449315,-0.02587226069292414,0.0
0.11754840149529978,0.4543084131278541,0.8716080391328901,1.0
0.6150208313179892,0.018886336098841598,0.8542435212829881,5.0
-0.12436909416952423,0.3026203664188463,1.3060243926343356,1.0
-0.08750798138571582,0.5668305473089763,0.30033951530878983,2.0
0.6785464458376146,-0.24247931542794826,0.5996509017298334,4.0
0.2530813524663346,-0.297256169776066,-0.09554059742468707,0.0
1.1706025311454549,0.3118535968487931,0.16164289515192984,4.0
1.036317279868064,0.7186982569602374,1.2005223887451704,7.0
0.146541528046293,0.2023917534708647,1.002561340489203,1.0
-0.2904580184192841,0.48863523465335257,0.7567672061594739,3.0
0.3806883241277737,0.9742367726355075,-0.25700552534572074,2.0
0.49171769085774053,1.7688088156751673,0.9361019139230796,3.0
-0.48926720791070744,0.7105288934019776,1.172181782437304,3.0
0.5210789566962986,0.15962139336740636,-0.47428823887654104,0.0
1.1402607932032525,-0.21434775622223898,-0.19208832715079663,4.0
1.1337120010033523,-0.4411685584165836,0.9501034566260628,5.0
0.28475609735819574,1.1467149469154823,0.5150497103039597,2.0
1.468350209139903,1.17501104115798,1.5781172553782996,7.0
0.7539344794561282,-0.1632728709699115,0.6936278337076429,5.0
1.1042759144493852,0.47354869173662933,-0.3202811679039208,4.0
0.11989629840709726,-0.31783309850500435,0.8891075663425018,1.0
-0.08810295980637098,0.4096967327536874,-0.14965649414585902,0.0
1.1468219104256236,1.2357065192949868,0.7537095291639868,6.0
-0.44616598543349856,0.7858218676462694,-0.03255965977246113,2.0
0.4377903866229407,0.37096752112846987,1.7227060585319283,3.0
