0.9750152567298284,1.0971692890217426,0.03318962458325316,7.0
1.1052544084218172,-0.0657815343346661,0.9941926156218499,6.0
0.002273672805737584,1.047264461044127,1.1699085986325584,4.0
0.8538329039532981,1.0537296847704016,1.1496489344048548,8.0
0.8651849295016906,0.9044628058055361,0.7974909777726675,8.0
-0.26145949403469876,0.10248167654607927,0.8967606155904031,2.0
1.0234828877622661,1.091073930471525,-0.07734761120307732,7.0
0.00950181028523232,0.9372515388802688,-0.049699607677434365,3.0
0.06165727615875499,1.0291607353319436,1.0368929533205797,4.0
1.1079752875098345,-0.005738832786173253,0.06972747243925034,5.0
-0.0957989999889885,0.9436603888079895,0.8960192547651948,4.0
1.0433647588855886,0.04954672949215818,0.9905442290522755,6.0
0.9579372453638982,-0.10675014416493944,0.0961671717938991,5.0
0.911212579964461,0.8984789074530011,1.0006969567265342,8.0
0.843264496235526,0.04942887945073381,0.1076618469687206,5.0
0.8537730802683384,0.8924712298274038,0.06269586661915008,7.0
0.22708450091247145,1.08589928040382,0.8928843576755069,4.0
-0.13222471017244294,0.8082304805985845,-0.058755135817516874,3.0
-0.03917417755518616,1.3110162434432862,-0.02229662394459888,3.0
0.9517307744287054,1.1102132654039953,-0.10798093595700681,7.0
-0.08352918950464774,-0.017416603673062536,0.19604505740397965,1.0
0.06908006118785305,-0.09191055139327954,0.05199452381344112,1.0
0.9916912462920237,0.8334127541698956,-0.03459506868304346,7.0
0.8043362979154935,0.9507487159433938,0.014241364739120133,7.0
0.056110234589857234,0.05974346351411841,0.698953324104826,2.0
1.0248322068113824,0.06494303884377091,1.0348860838775904,6.0
-0.00623978278965667,0.7381760645051839,1.141759630179386,4.0
-0.04786698381701834,-0.03822896573624656,0.7666920833104343,2.0
0.9102918812318024,1.0568423176374362,-0.06629379723369162,7.0
0.7948357169610569,0.8550379148004845,1.0123380106807134,8.0
1.2231124268604359,0.10963661376120666,0.9032249705680988,6.0
0.01720955665941885,1.099038199313906,1.108050187835797,4.0
-0.05555709271875971,0.0769756870083746,-0.029501942535353473,1.0
-0.14209624604323298,-0.07686531106953945,1.0096933276372912,2.0
0.1354098030541159,-0.03207727143436714,0.1969871686689235,1.0
1.0625821555147077,1.1645069806787003,1.1828933067858598,8.0
0.1963586653414254,0.05353340783021668,0.015658579236087558,1.0
-0.05917114159784645,0.9405959655543905,0.058421562430224776,3.0
0.8639323122994051,-0.1549182454419788,1.0224491525529795,6.0
0.9422476282807105,0.165517732683778,1.0647911901050822,6.0
-0.026381237510002428,0.9839025557305301,1.03328757661949,4.0
-0.0345171085323134,0.10703165228738172,-0.06141030405513949,1.0
1.1104356538940174,1.090408380380266,0.9788201407710854,8.0
0.05522303461161013,0.11030774186705393,0.87432846362061,2.0
-0.14818174824946315,-0.014802235693464305,1.025193603549104,2.0
-0.029559252500826555,1.0801814282089366,0.9146676720829082,4.0
0.04885294385860543,-0.08579117445112924,-0.07486370913889699,1.0
1.1064614680201625,-0.047596336537921315,0.06398569400133645,5.0
-0.07015134654646882,0.07514145589145349,0.025155842989930396,1.0
0.8913944730260194,0.9721612381968556,0.09277105457742296,7.0
0.93844000411918,0.10562326630800821,0.8150503125463032,6.0
0.9773658710139067,1.0283476570887424,1.0350818469327607,8.0
0.11717056506837516,0.06834462366163731,-0.015368838515371065,1.0
0.961694516745896,1.1624871554751746,0.9830224195012772,8.0
0.16866880026359168,0.9018440681521219,0.12864573353298245,3.0
-0.11780324647358478,0.9519827998045274,0.031718510159872974,3.0
1.1655958294575839,1.0660923892165939,1.1269318481075845,8.0
-0.29867522882984404,0.14183297173928736,0.13659224290143718,1.0
-0.2421675043473122,0.8362601489060029,-0.06283311582750303,3.0
0.06256297484431067,0.2660705232500741,1.0340906397288745,2.0
0.17417991504362523,-0.15988865629740856,0.1519983843692206,1.0
0.9199937895176232,0.14898371722674886,0.9547698766258462,6.0
0.19183931036754662,-0.021549944143316027,1.023574362469433,2.0
1.012128866196301,-0.012503463883804373,1.114950596285541,6.0
-0.09606406076180306,-0.06125698804157062,0.032608507090087245,1.0
1.0903413070067043,1.1473952214852552,-0.1472986653072243,7.0
0.9270810124472662,1.061693633314426,1.154051337922264,8.0
1.0720626417425847,0.056909943688582966,0.9748213556137181,6.0
-0.004035537944817857,0.05668479340268012,-0.14323179924531168,1.0
-0.17113298492922469,0.9291295919280665,0.15791897168903624,3.0
0.07038496138931652,0.9544743027430995,1.2274935605040336,4.0
1.0300767766558947,-0.10353699621037873,0.8475911697420603,6.0
0.08038622355413194,1.0247257944294548,0.884884860826761,4.0
-0.32569544369006215,0.19285081331749254,0.8898224298849564,2.0
0.06525973639230623,0.1511206974424103,0.9803882601855717,2.0
1.0292212519403081,0.9204407662670178,0.013967092295462611,7.0
0.9734369054110685,1.005881289759936,1.081583061569351,8.0
-0.02053966357339813,0.9111175307974937,-0.11262136010712497,3.0
0.830010401576918,1.0823019487454026,1.220270723660838,8.0
0.1103002832035942,1.039554121137031,-0.09264219276991562,3.0
-0.04482319412996405,0.1289385406717671,1.1330046833464074,2.0
0.048174316432484196,0.8371909915546141,0.9450726178008015,4.0
0.8433108220479282,0.8299296482710194,1.0229783111242914,8.0
0.10592387324301489,0.06984692509210519,-0.010614926619126703,1.0
0.879685471072726,-0.02711713394770377,-0.022911989144066072,5.0
0.12281162805865849,-0.11935350075641825,0.03109592264168839,1.0
0.016620142780754577,-0.0024034418729039562,0.9659323400082477,2.0
0.7785753574242236,0.0500460447493447,1.0895406181843692,6.0
1.0391948085290683,-0.19196556726886585,0.21636405943762302,5.0
0.046648013404096605,1.0050194230476943,0.9034783369894319,4.0
1.1106300929761448,0.1245780846488419,-0.057357097740274914,5.0
0.827756488053205,-0.19378924345654613,0.9755523123531791,6.0
-0.020608376413809623,0.9919457028910869,-0.05389463151217723,3.0
-0.11282225723785091,0.15130340548356558,0.01830568672947276,1.0
-0.020594553999443918,-0.10484145366839073,1.0012511529603565,2.0
0.027634179984862447,0.9571692680812083,0.9603558018800245,4.0
0.17017558303974867,1.2024069368089838,0.8893204065720163,4.0
-0.039924134579722104,1.0113481655804901,0.8733621378514684,4.0
0.9457495370768951,0.9847793965630763,1.0633068389149087,8.0
1.0730808397125198,1.0434192868240744,1.0363234051921235,8.0
1.1906995717599498,1.0713100016124613,0.9380434160187152,8.0
0.9782071397587861,0.9494532081006042,1.0166247638961714,8.0
-0.05935112496103612,-0.0700147393288238,-0.07066852375007752,1.0
0.9477735946206637,0.053994540467452425,0.8921883256464637,6.0
-0.058591711302697524,0.10588903091001611,0.02627602106321933,1.0
-0.12075109224350355,0.13110773906554204,0.04210348836398072,1.0
0.9615120679661047,1.1195212676974184,1.0276899000462614,8.0
0.0827922241578107,0.045191387291527566,0.1211399719249998,1.0
-0.04934300064579483,1.1077007301710133,1.0066733671811823,4.0
0.01287347557128972,0.9188160918159995,0.8925748277234719,4.0
0.07631100052731507,0.0021304304940152944,0.004151163256916844,1.0
-0.013899460993180205,-0.1241154507187225,0.08871250480457171,1.0
0.06487819201982573,-0.017076919955644,0.040686417980052896,1.0
1.0193867742869431,0.9892907155103018,1.11149728884899,8.0
-0.1456778006046564,-0.02078845401747729,-0.09742290665355002,1.0
0.9154353600812491,-0.1289568236969882,0.9798004508630378,6.0
-0.09380308381859694,0.11807675679358552,1.0310981176415666,2.0
0.9894490387177917,0.8431754735525532,0.08075655728615336,7.0
0.09167605727414602,1.1030324650719814,0.9834601527435762,4.0
0.0678713842151606,0.9196145229246224,0.981053627540305,4.0
0.08036519619676913,-0.13421607167678126,-0.0841056358037219,1.0
0.012705695960183828,0.9768025316581589,0.06868910998919872,3.0
1.0574518563997894,1.0488873716085267,0.024673181946073215,7.0
1.041897908487121,-0.05888912585708609,0.9571340390018291,6.0
-0.22245915137205394,-0.017128672581221593,0.9076616846196768,2.0
1.038477144082787,0.7979742375992844,1.0107632073115733,8.0
0.9396541230696154,1.0859265743450597,-0.028134161377929835,7.0
-0.02090227370022313,0.0854033983411009,0.02187394647325707,1.0
-0.023247518426472866,0.8252056390888622,1.0770943579974928,4.0
0.9336288321500009,0.8908159569795263,0.9025271547673966,8.0
0.11926498300772853,1.0122951639539535,0.9931011696714431,4.0
1.0877380087653743,1.1883616346793688,1.0228113384707285,8.0
1.1110255114196683,0.8692546149612713,0.7690702276365413,8.0
0.01650869884109151,-0.06335860631791504,1.0035447257412684,2.0
0.0063019989990626595,-0.07791456027550545,-0.09204732470472327,1.0
0.11488294234671953,-0.0029809894975751277,0.11084159458167847,1.0
0.0833257679122739,1.135655818519889,1.0161068420376378,4.0
0.7714364911317305,1.1413146543681996,0.03201225738476282,7.0
0.8975832306569127,0.9764330074110037,0.15896972736737,7.0
0.026415336150120802,0.014353311226660413,0.9189462904578422,2.0
0.13823699997418573,-0.08173330780365708,-0.10514058247696392,1.0
1.0898416842628438,0.8613948563911883,1.1466204283214922,8.0
-0.10699024212054989,0.1930513457357462,0.08515787025099202,1.0
0.9007342920710704,0.9322266719027114,1.1554492324943784,8.0
0.9223914660063164,1.1359329540174699,0.05904829392896082,7.0
0.169259196503027,0.016603960461935283,0.09465900809284285,1.0
-0.047587256345049594,1.0469004348080286,0.9000128619346658,4.0
0.06933320214797305,-0.024108592810811666,0.9399239151391667,2.0
1.0672456072656638,1.0413821781040562,0.17261547679834183,7.0
1.1031658347492328,0.13878766818813962,-0.059935931927678245,5.0
1.1620438391253276,0.923942197688446,1.1734383752926356,8.0
0.8684965775515383,-0.14250341480119763,1.0856548750243173,6.0
0.10851274618726713,0.11578789581002419,-0.041403113774435805,1.0
0.11598218240502199,-0.10528079264966086,1.0583116899573906,2.0
0.9329910910400958,0.005006848759405515,1.0500827243193762,6.0
1.0148721061075026,0.043033323797138985,1.0866734574295476,6.0
0.055944229802608096,0.24584327473758358,1.0754701797539576,2.0
-0.08832341616196066,1.1891284789410195,1.0718575871542986,4.0
0.992752768288479,0.03649525743581799,1.0455441241522923,6.0
0.8541997428788074,-0.10180723392504461,1.0265183639029687,6.0
0.11121882856863803,0.013498941565432422,1.0804176012960431,2.0
1.078012677027817,0.19562010743343217,-0.020087001603796457,5.0
-0.18167152761360908,1.2125919117525685,-0.08381703429366638,3.0
-0.07243960246155011,0.9809349918697066,0.9882663061543773,4.0
-0.09850285241237057,1.1207612683442034,0.02587082972383213,3.0
0.9343187328308415,1.0695662957159282,1.0116519875225087,8.0
1.0809195969798695,-0.005914418293842278,0.9315743337670486,6.0
-0.07601215971789328,0.2674680038544353,-0.034150668266026245,1.0
0.05108858346603787,1.2387891432097566,0.9833924692897337,4.0
0.11157206036025734,0.016415240197288065,0.9201505933501446,2.0
-0.09225638064455743,0.7923573688832746,-0.08608770135625324,3.0
0.1998742596277652,0.09868664760959597,0.9994404712752006,2.0
-0.0038823734363013307,-0.15955959867240066,0.06374486010137424,1.0
-0.03829115363795513,1.100412479379531,1.0521682262266123,4.0
-0.01449725033011349,0.8643009830858517,0.022943505598039565,3.0
-0.13793195442201164,0.14417921126844105,0.03132608498860708,1.0
0.9111768797258609,0.09466340390055777,0.11937908379274052,5.0
0.8802328828395206,0.07123659860574888,0.9676941810725322,6.0
0.02966713279184758,0.04216570589614682,1.2990334170005244,2.0
0.030522801613737778,1.220446647830282,1.0015338225046824,4.0
0.9338998956342641,-0.014025242626443403,0.8887151724429952,6.0
1.0051382441727206,1.0227302248813337,0.12719820041297986,7.0
0.1100558138137165,-0.16260683310948731,0.07744866941053331,1.0
0.9276373445756045,1.19058034064799,1.035381875890062,8.0
0.21562281536494515,-0.06987625657378446,1.0447644103200913,2.0
1.032960859453615,0.9992640755220542,0.9054986958476827,8.0
0.182711810184319,0.1479380928950631,0.08477717085252207,1.0
-0.07514420217415282,1.0812763194879345,0.9954111339387138,4.0
0.9983509822892207,0.17447719251592736,1.0408054939134828,6.0
1.0547620184402864,-0.05459614432890889,1.1331735700472954,6.0
0.037302945940890224,0.13867095272413357,0.947584110953633,2.0
1.1281090696042608,0.9012794891445485,0.9420294191516279,8.0
0.941835894904583,0.7856978565903706,-0.11692762357209292,7.0
0.923992459716136,0.08032873237165389,1.302568248644538,6.0
-0.035743632641450605,-0.05915063998760494,1.1170606327650008,2.0
1.173302881528075,0.9521954063568537,-0.050043503345514655,7.0
0.939695297372191,-0.01143374713002021,0.04412646630386838,5.0
-0.07127976188606953,0.9564779364614969,0.11750780788794234,3.0
0.18647714121110082,-0.06968278258671477,-0.08969508792306774,1.0
0.785490730709593,-0.04344194097807455,0.13815859132344294,5.0
0.014881243942530684,0.9400218979331608,0.022437755218041092,3.0
1.0410362731314808,0.1182290937441197,1.2021550169941906,6.0
0.8771759296592014,1.0930112355514339,1.0652371303022978,8.0
0.20465225425972006,-0.02925408619875294,-0.31157440829259153,1.0
0.9612929500481454,1.064999622545085,0.9956542161424482,8.0
1.1233174572787668,1.151257491728023,-0.10573616622847933,7.0
0.054376385886176486,1.08827969815186,1.0402734981661033,4.0
0.7585923978309308,0.9385754734011388,1.1125249139897744,8.0
0.990994260595,0.9733609668632888,0.13185156982817484,7.0
1.0463202467398578,1.0088993040714862,1.0302885702797877,8.0
0.0630240765499171,0.9272573615527644,1.0185225686391113,4.0
-0.026050373469548915,-0.051330219945299876,0.7101724977689836,2.0
1.0645966708991905,-0.03766062118546129,0.06269125727225902,5.0
-0.06532923232443652,-0.06904218601986327,-0.03261147052845636,1.0
-0.1136090389901948,0.9724385524051631,0.18211210084582258,3.0
1.0033859428555516,0.9466984068168904,1.134821569607715,8.0
-0.07244555309151816,0.9299794035490582,1.1615802125740036,4.0
-0.1466600147630358,1.0370451870627995,0.8975286040248205,4.0
0.9735577860425433,1.0001849381590548,0.8557339026114604,8.0
1.0783084611458889,0.9476246968493255,-0.10095801808168792,7.0
0.15652684784553816,0.9854601928770269,0.003933047867610157,3.0
0.07687878672362354,0.766469906841865,1.0357318092550543,4.0
-0.10935713723604007,1.0356756707218913,-0.046676924234073436,3.0
1.0267617482352993,0.04065141557147866,0.07231428410424455,5.0
0.7414854780363609,-0.0047846190670834165,0.08910648635772828,5.0
0.9248892261421784,0.7690250516048598,-0.11484734071818939,7.0
0.027166625290822345,0.928667907867968,-0.01077687306832651,3.0
1.1440216826685312,-0.10789785957590665,1.0006629670354334,6.0
0.9836146923137341,1.0745502696008307,0.23259229071263335,7.0
0.07466171257922273,0.9959826040500055,0.9290195788371306,4.0
1.0380716935449341,1.143060486827735,0.8674625680377688,8.0
0.07526782784922975,1.0374371745589974,1.0569337558407241,4.0
0.9774196791186603,1.023514477785556,0.9454457604921738,8.0
0.061240292003313025,-0.016517357200565054,1.1567274608517826,2.0
-0.1537867688277565,-0.05077838410488548,0.2458491821763072,1.0
1.0389827514946977,0.8898285000457573,-0.10571514838426865,7.0
0.028810326785703406,1.312854563181285,0.9459235399662044,4.0
0.07294985361041537,0.05360445754905693,1.1191419948108774,2.0
0.09874205389689966,0.13995897556624362,0.09165739659770017,1.0
0.802912989168705,0.11639305581943116,1.0152088236552257,6.0
0.9999767795264137,-0.13159898012700824,0.041857038417628965,5.0
-0.17648664481902007,1.1861649720310836,-0.05745816195720153,3.0
0.08919059659520687,0.013002726434848977,0.07314521059850473,1.0
-0.00835324855295297,-0.08635664364267019,-0.007523568196245689,1.0
-0.01157812564503346,0.04014637808896362,1.142300953234818,2.0
0.03231643795877727,0.961471498423508,-0.08308656962487172,3.0
1.0526877833035606,0.0448413420175456,0.8949609046530136,6.0
1.04840990047974,-0.04854552978796492,-0.0315043709805131,5.0
1.0533607005949746,1.1167780804136633,0.9637507018549779,8.0
-0.04792673993129127,-0.05424227838261772,1.177714593612549,2.0
0.04450961502502679,0.07693716209784657,0.09807699184632002,1.0
0.07790857103425908,-0.006826633553815501,-0.14308909887191387,1.0
1.0518301937036474,1.1303435374827826,-0.09833084106832678,7.0
1.111836550188792,0.19221746666870176,-0.0006249655874021571,5.0
0.05491349600225435,-0.09732652062463118,-0.11575966243821163,1.0
-0.134768824105551,0.8791948519874994,1.0791434111751537,4.0
0.9705272359534226,0.06936512950154443,1.201334813236674,6.0
1.031930453283009,0.9720940542504525,0.00874671562658097,7.0
0.08814790694336712,-0.09720289902578301,1.0593000656728715,2.0
-0.17817966412460448,-0.06816682230882941,1.0786996104945865,2.0
-0.14690124065018897,0.0983226016509321,-0.024520206637516473,1.0
0.9963510606880392,0.15000183921436705,0.07412012185749262,5.0
-0.014349580739321742,1.0278260542773832,0.009543115673647585,3.0
-0.041759486023104274,-0.05589665101951402,0.11503132160161983,1.0
0.9659323925550927,1.0949353770661652,-0.007064705504245614,7.0
0.9894599523101821,1.0385425360588192,0.8699621422193522,8.0
1.0239240036298993,0.012757865761172583,1.0250763295532426,6.0
0.9018058814004625,-0.0676525013446875,1.030113696374396,6.0
1.00026552535839,0.9250197300194687,1.119910456742703,8.0
0.97282684560055,1.003111904573646,0.016273301242371037,7.0
0.03760659093669055,0.02705902506006382,0.9117941770186307,2.0
-0.09583446748139912,0.9074630979450528,1.0625428647504078,4.0
1.1942849745369744,-0.032677331342139425,0.1584035339392695,5.0
0.8123193603760573,-0.011277043894422764,1.1867505285899205,6.0
0.9465633986633119,0.9639595273664904,-0.050707611507567786,7.0
0.994764246306222,0.8759595355929675,1.0529174124797709,8.0
0.02408568253649875,0.13327758837583367,0.7983032988140757,2.0
1.0319031730046313,1.0685926737308349,1.0400626189280908,8.0
1.0212365702127761,-0.03418564826610352,-0.08840496912656616,5.0
0.2061634554594022,0.1852638548381082,0.005683177925457122,1.0
1.0624126543394574,1.1612207876453375,-0.12235562179769709,7.0
1.003166254760062,-0.14579690665250114,0.009814297034261841,5.0
1.0423751976778068,0.8606726598390387,1.2020129131319592,8.0
0.9786803158692934,-0.05397473304190308,0.8439096148095611,6.0
0.9190032916778512,0.02185617112481975,0.7080104797470552,6.0
0.011114763922995046,0.04028238752101496,0.22624270559877546,1.0
0.11581337389789637,0.9683366602067445,0.9273323279514243,4.0
0.12493803739905628,1.0226272918309927,0.09720152277199878,3.0
-0.01265751542591683,0.036323177296277875,1.0795722405049242,2.0
0.8049000535249893,0.9895889510587497,0.057970325565758984,7.0
-0.08221867325235405,1.096110667819993,0.09673381323570435,3.0
0.9225994297120008,1.0471604319080654,-0.01219291646195019,7.0
0.8362901712608729,0.12115327299524835,-0.09338627259958272,5.0
-0.1918286291524703,-0.05924193285843039,0.9547091658218778,2.0
0.9824087949051716,0.033983686301182446,0.08132609304923125,5.0
1.2989791593853197,0.06507283109145388,0.9568851164246429,6.0
0.7206104859512041,0.19723197546861737,-0.021255000030140952,5.0
-0.03620730048108322,1.036901158884846,0.003666797239565818,3.0
0.041319142860805055,-0.03244712988700131,-0.05624306200393845,1.0
-0.055544533370207184,0.8653861975263195,1.0637625497257763,4.0
0.9033207672211728,0.001591282420568686,0.9268741376301638,6.0
1.0014758909626609,0.11634148499986928,0.034468417528584615,5.0
1.0713251017317378,0.9701182115584415,0.15035294784973208,7.0
1.0007273621305295,-0.006794168945177924,-0.11388175718288021,5.0
0.08147337036948471,1.070155925103009,1.0162986927480413,4.0
0.17126453516042522,-0.06191235413295592,-0.11661834131650312,1.0
0.06966881284554523,0.9772898040387442,-0.077094180675165,3.0
0.034794519799225196,0.010726510967955431,0.9930796520584608,2.0
0.19478597177250684,0.8414426823669761,-0.14735251718584108,3.0
0.028584768499846515,0.8808076259708867,1.0006304747621122,4.0
-0.17135756791548762,0.981184945401441,0.027618085849924052,3.0
-0.10254435388381665,1.0847076396949777,0.857623048366195,4.0
1.120454793179107,0.05142572875994971,0.9502863438332706,6.0
0.929742892838628,-0.0034574280226989727,0.0811209815760482,5.0
0.8696558134985186,1.0150824834028602,0.05677527774038106,7.0
0.8308816941687428,-0.04185980127536223,-0.06065553720449666,5.0
-0.02607857326040814,0.026673033734193885,1.0377468138761121,2.0
0.7800767926687051,-0.1496507206658277,0.06512883627181665,5.0
0.07995595087734375,-0.060448847093847846,-0.27505829339485094,1.0
-0.02323228042063303,1.1437558416443938,0.07203978609387872,3.0
0.9473751969919914,-0.1852486155223077,1.00660021953879,6.0
1.005198870035488,-0.011644736657613055,0.8334803847851431,6.0
-0.1610190780208969,-0.026903084886280182,-0.16331589131376206,1.0
-0.03099480856197105,1.1180409286807085,0.017269568792607676,3.0
-0.019849003277918876,-0.05885876261098963,0.006671349380144485,1.0
1.1493356713506873,1.0123624164421614,0.9501355557574848,8.0
1.0155758804402166,0.1497584525224046,0.8781775052502693,6.0
1.041755895494215,1.0451167661286809,1.031927589504972,8.0
0.03510394219800977,1.032870455597036,0.11873533557764038,3.0
0.9537016403206564,-0.046506052694885114,0.10558764999666177,5.0
1.0550940348984654,0.8657294857452765,-0.03036967602751192,7.0
0.14286074190193765,1.0645543082718723,-0.03079873619374191,3.0
1.1061681818709777,0.8080215473460188,0.8897959372247022,8.0
0.14140317198197325,-0.22694015882620452,0.04568184355523025,1.0
0.960665143385796,-0.04782096134514408,0.9728003612956143,6.0
0.9925805345871795,-0.06179582883996722,-0.1896378819082177,5.0
0.9829300007090223,-0.025028457721173347,-0.13573134236705406,5.0
1.0324491852885322,1.1450641962570955,0.8936454659630484,8.0
-0.0372833493959512,0.932592018498308,0.9400775370579597,4.0
0.14258206460425368,1.1223532165168288,-0.012746471149826605,3.0
0.9369179281653822,0.156103377395076,-0.11040410847361833,5.0
0.004162923296434935,0.0745208740875191,-0.014428454674657771,1.0
0.006307527377326792,0.11312193315925496,-0.02642758459339739,1.0
1.0948111276152452,1.115259395520432,1.014634418942373,8.0
1.0544446658894813,0.9213190007087413,0.03598961776709258,7.0
0.13449897500211588,1.2747721434517039,-0.11448370369530061,3.0
1.0704189009376013,-0.014496146205528714,0.9934530166421688,6.0
0.9247309566481435,-0.008597282745763709,1.1305758451899999,6.0
0.02617121861431921,-0.014798440199882027,0.8422243310145626,2.0
-0.05370683179141984,0.9919348726115708,0.14023029473266158,3.0
0.0014017192937707775,0.12122065308994381,0.9019496251453787,2.0
1.0983681223767876,1.0150593596016413,0.9998960196276824,8.0
-0.12117659780952034,-0.14043321942864828,-0.14183552488928672,1.0
-0.00949140970565297,0.8370355993964012,0.9002346342341734,4.0
1.0616902405120625,0.16962923717749184,-0.0989310144847091,5.0
1.0824883296869712,0.9168472540797329,-0.19412472225316627,7.0
0.9844525887154841,0.9759654844633404,-0.008616406274501987,7.0
0.18448809441454242,-0.047872974168188476,0.8409850755072116,2.0
-0.1648050285620759,0.024965711719741795,0.14027948567307988,1.0
0.8001312909805608,-0.005892434354684571,-0.2078056794103782,5.0
1.088410572186974,1.000623975450499,-0.07296132483684223,7.0
1.0374546700575462,0.019435263800953066,0.11120701107950902,5.0
0.8461247920766709,0.08468894112613704,-0.09033770358670556,5.0
0.08460203866093646,0.9822783324503648,0.955232949568889,4.0
1.053244102683175,1.0198681827951608,-0.10591749877496255,7.0
0.22367207985366178,0.0525757908921417,-0.07351162105050899,1.0
0.9625248300044665,1.1581259724874962,0.09072309242275374,7.0
-0.17003518028984865,0.09516399482556022,1.073804599252203,2.0
0.16563871449319634,0.24798980992436906,-0.09760548932748053,1.0
0.9860667009162597,-0.2517641295595087,-0.20720994475618207,5.0
0.9115876364992466,0.9464576226470138,1.0521991805322364,8.0
-0.05420070896339762,-0.004321834642351768,0.9486576082483328,2.0
1.0041565971499733,0.014920637528166178,-0.032309687682357806,5.0
-0.06628861538739662,0.0326082856016168,1.1765926545661178,2.0
-0.30178533041422084,0.01949082944910241,-0.13336702189363583,1.0
0.8730672856792835,0.78862853136484,0.8557235572635457,8.0
0.13458514759263043,0.9568765366959889,-0.11925135432584184,3.0
1.10525231030502,-0.06959954423264533,0.044265471637213095,5.0
-0.06701927597361167,1.0248144976014877,0.11658182173718362,3.0
0.007520964941993064,0.1393106562150337,-0.17785549415850951,1.0
1.034067284914346,0.8682063415999577,1.0638916263626015,8.0
1.0970822599464154,0.9413171145751578,0.06918784825498929,7.0
-0.14499638846104018,0.9027562931079669,0.09603519459630216,3.0
1.028552497589971,0.8352930468100422,0.8414964971963101,8.0
0.1890257882041998,0.9345529841537055,0.10468742553499073,3.0
0.032503783866309324,0.009670146367786708,-0.21278732173680948,1.0
-0.02794442216828237,1.1314206404742093,1.1683992524462892,4.0
0.8811484942632797,0.9444339349039064,0.11340724153687345,7.0
-0.05689921538278325,0.06305444509669277,0.8765228136913075,2.0
0.07679956433156013,0.01400068026894409,0.9815519765983831,2.0
1.0283148156494737,1.019111745870777,-0.08912755611941925,7.0
0.033497036000912236,-0.07527125257027588,1.1202072454147736,2.0
0.9414340729263093,0.9019362454802862,0.09206228661352424,7.0
0.08546574793451252,-0.08927887905994007,-0.012472636780132239,1.0
0.15900127585524923,0.9959902126630567,1.082367399474568,4.0
0.05098342368165583,0.009222164301630146,0.05840615870712715,1.0
0.9514717489577469,-0.00543235827322118,1.0987862826689694,6.0
0.004935879601398286,-0.041016627479755444,1.0000466357355038,2.0
0.10814204224797003,-0.0808032484899,0.12129109999909367,1.0
0.11067882415874469,0.00983410020698425,1.0755180224371923,2.0
-0.16231585762914877,0.01766056625293982,1.2521387348800468,2.0
0.08686685227053359,0.018538019422912812,-0.24057601325008215,1.0
1.0035355396309251,1.123740360580834,-0.09653187259575484,7.0
1.0111010133037828,0.05496714951989654,1.1280943711289018,6.0
0.02995154601563581,0.9957909074282504,1.0221919234313086,4.0
0.9238779396008826,0.14502617732959405,1.0761282909287209,6.0
0.9333746472534856,1.006590886942642,0.14524455688885793,7.0
1.0516787189177867,0.8213128824853866,1.0524276347560155,8.0
1.0322212282823713,-0.142657901638291,1.0595620443597327,6.0
-0.02647593419237343,0.9018683796525048,1.1422780131814838,4.0
1.0106771042844933,1.084996816841462,-0.00790661494495878,7.0
-0.088236540299297,0.8528396231565573,0.1962853199494039,3.0
0.9382405940850888,-0.16190274167559246,0.9223325154570698,6.0
0.021646071351499777,1.0663353872606038,0.874529353783268,4.0
0.9080068680049824,-0.17141367412832575,1.102627256818785,6.0
-0.11911208417793157,0.08126602729398547,-0.016668667846053423,1.0
0.8709237142666195,-0.016977480521829236,0.9272332518561884,6.0
-0.047626091874423904,0.025336470936739547,0.18719832407244133,1.0
-0.05907801184748103,-0.026010322355909745,0.8824453310630378,2.0
0.035364804632139556,0.9700650638767983,-0.13294628895057858,3.0
0.20806136020415958,0.9429874079917123,0.92468382151916,4.0
0.980745907227911,-0.03603043608385877,0.9593465845429217,6.0
-0.027287197114678825,0.8789297985953268,1.0047402198709108,4.0
-0.010365784403848992,-0.19089724353031187,0.011681613339790188,1.0
0.8783123228105411,1.0333472620017838,0.9529407328191442,8.0
-0.0436324583649214,-0.09848333992089943,-0.08584593767922322,1.0
1.0263821082819773,0.9204472431063168,0.2245503458958807,7.0
1.0458042317802598,1.0977046351606519,1.1303603609814277,8.0
0.01481379517725337,-0.061729286506702556,1.055629088388948,2.0
0.9407926939700242,0.11353058201616029,-0.04930925555942882,5.0
0.8649143256580412,0.20779343946155523,0.06375688910916487,5.0
-0.07962396847111598,-0.09259643275134981,0.11433433625430185,1.0
1.0156664054565347,1.0233606654231375,0.9404027448075656,8.0
0.9156906264493054,0.9137193343883523,-0.09596975409421765,7.0
1.0549224525447323,1.0010199403322744,1.0293192955954105,8.0
-0.13141193952597727,0.9796430628779492,-0.09801953145982416,3.0
1.052758287760713,0.965280796180516,-0.04303684430698407,7.0
0.014538132836686944,1.1618899712688142,1.1134675582844822,4.0
1.2390257287615032,0.1219350094447521,0.9921723520239683,6.0
-0.04552262126141851,1.063094973501348,-0.12621220195689925,3.0
0.10450873683078182,1.0112141733454192,-0.011220929663095368,3.0
1.0050668436045251,-0.015008593321563327,1.0190340250973375,6.0
0.016429612811281236,0.15410798928862102,-0.043077417826442886,1.0
0.9847471171400305,-0.11145474878206424,1.0365786332959308,6.0
-0.05277509428205949,0.8765690084565655,-0.1736180990549092,3.0
0.9588058484462976,1.1128216002426041,1.1895568106520886,8.0
-0.016383567668721167,0.054009968671297905,0.011866927219844892,1.0
1.0500275457615778,1.0330869448058273,1.1126032415574187,8.0
0.07976812871215033,0.07200561791778204,1.0166081427373717,2.0
1.079397617336182,0.15323493373825395,0.8584042348781876,6.0
0.9598115943030294,0.923231467922474,0.9582055273391372,8.0
-0.003989083000773829,0.019113739357787585,1.0315384182162266,2.0
0.8608468475458144,0.06224675853529395,1.1312861113346249,6.0
1.1348399004933405,0.0535997989988437,-0.040065079236868396,5.0
1.0884849314835061,0.9496025434774626,-0.05236242014688134,7.0
1.1600554740976214,1.0755850864763787,1.042642684962056,8.0
-0.011790946137610128,0.06073988261603889,-0.04210311245036572,1.0
0.05460272211874998,-0.11702945515550245,0.7341643058603957,2.0
0.9879008406937291,1.099787696594239,-0.025708531846050143,7.0
0.9433432514807352,1.2457455025746442,1.017895815040701,8.0
1.153138221540845,0.8471588486158136,0.08241472766413845,7.0
-0.1214778970443889,0.829692637997486,0.9374648199612318,4.0
1.074310141568761,-0.04578330917419969,1.0462190354508005,6.0
0.8100110329153251,1.0480793248406628,0.030603662052438765,7.0
-0.09497027523909674,0.13814192566131164,-0.029777225163936216,1.0
0.9090790867984218,0.24797483096850945,0.8283118705820808,6.0
0.07403966252670416,1.0128976936388536,0.18804210292292695,3.0
-0.0387279205870995,1.041340357526492,1.079737132007072,4.0
0.11668723148011262,-0.09209507574273593,1.1016321525045256,2.0
0.9678622065870239,-0.2437850612755272,0.167216697440774,5.0
-0.03816935018717756,0.879975317873967,0.9663021147241606,4.0
-0.11042553179496346,-0.20626125895321007,0.8205425756028367,2.0
0.9242147624649749,0.0784024780453722,1.0050368558057863,6.0
0.022474330685513806,-0.220368669011083,0.07854431629582542,1.0
0.02283708354038405,0.050074638371364014,0.11341450449503193,1.0
1.167527631306165,1.144148039040892,1.1220032389794279,8.0
0.9897148482263702,-0.09736942928341319,-0.04913526967144126,5.0
1.0672636054906255,1.131091885860229,0.9762394314325445,8.0
0.9515332658972603,1.0246607159783816,-0.029976943047813887,7.0
0.8991358327114386,0.9057235828029186,0.019783086629109756,7.0
0.9794318590188298,0.9788572581680403,0.8660446140487847,8.0
0.05767003229274573,1.070825766833075,0.9370998920107377,4.0
1.1256252478885094,-0.23676341620288716,0.06750515085249788,5.0
0.9370211860186866,-0.1874052635418025,0.07539958089113584,5.0
1.0627196166694124,1.127828255441043,0.09251899227225635,7.0
1.0624889559243738,0.12405294989177561,1.0012471157359413,6.0
0.9778446520177683,0.10833328913176772,0.16723799062594097,5.0
0.8094197376780748,-0.045145720826463086,0.8243874543114837,6.0
1.0040473692165026,1.1101637972961151,-0.09704660370286801,7.0
-0.056880579960578485,-0.032767008033521706,1.1458576139067664,2.0
1.0256997149734735,1.2265629887824536,0.12870504906058233,7.0
0.929874925679886,0.8810356355687285,1.0355096554428005,8.0
-0.1367252038484424,0.12009386189002241,0.8744925063589573,2.0
0.1847685408084918,0.9622115930881578,-0.07554839821531108,3.0
0.9057339651955675,1.0164022066278349,0.17005795799357987,7.0
0.02550033785179633,0.11079534685629491,1.018471117795596,2.0
1.0030063454551328,-0.03837731264063072,0.98117800032531,6.0
0.19948516746276546,0.9396711768171712,0.9210184046583123,4.0
0.7359724911018365,0.043490401239766774,0.053435849723585005,5.0
1.1580046006707336,1.0858384039923548,-0.17586467421290666,7.0
1.0723944820179652,0.06154288109513228,1.1257208729605108,6.0
1.0519757551011109,0.06095937697197417,1.0644352845012421,6.0
0.8871699918289339,0.816934745460371,1.1058340009302088,8.0
0.05744093266220984,1.0633886416670386,1.0080879634088775,4.0
0.11675690284345008,0.884360796572403,-0.05764080871305171,3.0
0.08520764842769213,0.0490120552919662,1.140727295789867,2.0
-0.04880333955906112,0.07684589325187634,0.9166995294205338,2.0
1.0452101676821304,0.07138235432276055,1.0415799992811023,6.0
0.8138942120136704,1.0509543273386124,1.0826999743889225,8.0
0.9606288249887632,0.9385294776036902,0.934351335128506,8.0
1.0732119941006608,0.9375877612996941,-0.01401264067375743,7.0
0.9821985919813229,1.1042393103192865,-0.04017013077335899,7.0
0.009760832605823803,0.9534321644071064,0.9744230752211233,4.0
0.028084615276784592,0.9585967029039028,-0.19189181073058761,3.0
-0.09243153463405497,0.11525662708630346,1.0186004362440084,2.0
1.0094847356926275,-0.009323073961405443,0.893833303947963,6.0
0.04967384424700324,-0.14802242330972715,0.9874077035414817,2.0
0.08720027645858844,0.08400804846324567,0.16287647654109255,1.0
1.0668557589892331,0.07872579063287626,1.0279697367657588,6.0
0.002344351833255148,1.0661782926111871,0.9832234521659561,4.0
-0.0626945305582362,1.049266186913144,0.9957972562362882,4.0
-0.07974705336880959,0.9298498624706176,-0.0074993642183704984,3.0
0.8982421196339442,-0.040894892962767077,0.12799424064277407,5.0
0.9545888498953657,0.05715051986698943,1.0551002159737408,6.0
0.9253088220767238,0.7873102348882222,0.2490276152666335,7.0
-0.11350233725402706,1.1219388657311102,1.0618791820220395,4.0
0.9660749736538042,0.8404037499860821,0.0031286920784060162,7.0
0.08381191702583454,1.0666748120710756,0.9667103762588762,4.0
1.0529000031521587,-0.10253001037084433,1.1529936670062755,6.0
0.17079392737710625,-0.08353632273248172,0.9271808989852529,2.0
-0.1637726487544474,1.1791290160270966,1.010372245327844,4.0
0.9547561194659696,0.9291644877310056,0.010309132301102442,7.0
0.9225622020324921,1.017570438507438,1.1398761166849227,8.0
1.1262144400154261,1.0461142769001308,-0.009555607942068053,7.0
0.9439545987971101,0.024942268137209418,0.2382973547996887,5.0
0.9652662945895194,0.032737221703761685,1.0504015047300599,6.0
0.8389216726492436,0.025170586715147394,0.059024101097039476,5.0
0.9469827276673626,-0.031681729344696846,0.9472570114422639,6.0
0.9088777556304652,1.0779591392816679,-0.11325975239657411,7.0
1.0282978393790434,0.09585858626905652,1.067061421923202,6.0
0.9699207697238752,1.0716876334585985,1.041912114879132,8.0
0.9475025743567922,-0.024534747687537047,1.0106017302959474,6.0
1.1045227026957005,1.0437634464709606,1.1549824249491187,8.0
1.0403648633324185,-0.10983596690295239,0.9849604642487466,6.0
0.85498941556267,-0.26305917415464947,0.20223429650700786,5.0
0.06975145936027681,0.05304398599479069,1.0238723747355458,2.0
-0.029982178828365597,0.15734488339547448,0.8811326907895215,2.0
1.1066038529395665,-0.1767323025212496,0.9397424200312428,6.0
0.9808338059801055,1.2381182440919725,0.8983355915309308,8.0
0.7539208532288798,0.03745103315121605,-0.09693261045367163,5.0
1.0039347341656228,-0.16221396966937873,1.033529706602792,6.0
0.10937189006561379,-0.03486530945168372,0.04632318334818961,1.0
-0.025629010051579682,0.03266633317076639,0.8372908157254813,2.0
0.9856972403448186,0.9393037082890368,-0.09353556257364906,7.0
0.992247057942573,0.8074882219660252,1.139043449553353,8.0
-0.03036879465793828,0.03710031919792076,0.004938305919899466,1.0
0.09735675207170937,1.080359036847001,1.0673394391774078,4.0
1.1270918565441685,-0.05952008197639588,-0.12377065385829425,5.0
0.9231548310556097,1.176014731036891,0.12597577012248443,7.0
-0.13244251470862634,-0.1043813378770212,-0.26498296387307,1.0
0.00995978741605224,1.0162200143645796,0.0799622812877849,3.0
0.11058289682850107,-0.10479255821625133,-0.11658124094570595,1.0
0.02073811953127554,-0.18479716077632966,0.0780184101826204,1.0
0.09914127776664028,1.11427820041051,-0.0032631643408538914,3.0
0.9570790855779527,1.074545338399787,0.9944353196136556,8.0
0.16040992598659984,1.031969975481471,1.1037196802126437,4.0
0.9705103998862341,1.0318808676358424,1.0607261437003892,8.0
1.1826115353781754,-0.152689017600233,0.8215524011719291,6.0
1.0073357612111133,1.1036840965621948,0.980465341130572,8.0
0.029331966808972727,0.8267848860892558,1.0556728826277788,4.0
0.9936664231271106,1.1008409688927776,1.1260468691750216,8.0
0.8773784569056878,0.9898789825847513,1.08357710895275,8.0
0.08686252455172669,1.0057653999920002,1.1333812207247804,4.0
1.0566080896329517,1.0273309097344885,1.243017180823273,8.0
0.9859674915532116,0.9755839235219133,0.9733509619894275,8.0
-0.007184518360241306,0.8329140177076952,1.2048027628191906,4.0
0.9813058144205788,0.9574369395129307,1.1019740161777694,8.0
-0.021675041634722916,0.12277929452420143,-0.0827611665804863,1.0
-0.033919723951283356,-0.10982232634589753,-0.10014446085615761,1.0
1.044589291533742,0.09269560782983244,-0.06575335328242865,5.0
1.0802173783269544,-0.11249553098211247,1.0719909715720006,6.0
0.037595709093379934,1.0008776861631796,1.0231284986343725,4.0
1.034579729663588,0.029125424272985735,1.0232801625870356,6.0
-0.03316157073998325,1.170468919512069,0.03571252872433313,3.0
-0.011657576823822895,0.09691737527410352,0.8816496376098215,2.0
-0.12649854670683044,-0.05705178536025173,0.9317182033188817,2.0
0.05806708020393223,0.0829245672896068,-0.11223773128582248,1.0
1.0861498771557831,0.7962864496760342,1.0889129769894201,8.0
0.018479275302106368,0.17462038411082126,1.0175506742727793,2.0
0.0749593767629876,0.8903229135356279,1.0411561568605803,4.0
0.02164015293462065,1.119333075888317,1.0314722014976874,4.0
0.04462389749723819,-0.0857757841060227,0.07642692822938434,1.0
-0.04187684147440814,0.06319200019782226,0.9224685943654458,2.0
0.012209041106130934,0.02265512333434401,0.861853776512669,2.0
0.9064240158934194,0.8534788057900136,-0.2316907086226551,7.0
0.9717056975702775,1.1835011271742835,0.22268549585586725,7.0
1.1966833875707823,0.9693157872129786,1.1677032451649372,8.0
0.9546491848597864,0.9603638268534037,-0.1035316078301599,7.0
-0.3285794052934212,0.8202007908073345,0.005787542759756709,3.0
0.005248218796082591,1.0233842254209735,0.10914948617011806,3.0
0.9750837340338536,0.21376088975871343,0.6958970624488605,6.0
-0.06708735607220133,1.0001207263734262,0.8932934368113974,4.0
-0.05742583189210823,1.0168471630779201,-0.04514661895176528,3.0
1.0137521565104075,0.2761738995671925,0.07236648477618655,5.0
1.1115158502647202,1.003784566580601,0.8235565305111601,8.0
-0.01105724415349762,0.9339609303037845,0.9391790097124353,4.0
0.8822447102961399,0.04728868054558065,0.07207037952417532,5.0
-0.12548407529053168,0.05632054120500094,-0.03622246561384492,1.0
1.0347029292577452,1.0093910081054902,0.8740988707800489,8.0
-0.13518275679238953,0.047205891857580666,0.8587447290829736,2.0
0.08947027822021433,0.965482378497102,0.9130262659211891,4.0
0.10968340222232707,0.10104393236050258,0.1443589843437183,1.0
0.9859176260251841,-0.02753204473862901,0.9083984161418962,6.0
0.023603728360170773,1.0565606476056038,1.0594557148748867,4.0
-0.051560935999156336,1.1363078493483647,-0.06177752978431811,3.0
0.11156488022285423,0.8786739846556169,0.9732931763275993,4.0
1.0645487557019337,0.8641778148823495,1.0361442502585085,8.0
-0.03296918816201164,1.0957148282853777,0.9855261034937082,4.0
-0.11207277038757696,-0.09722287798745793,0.018003417313389513,1.0
0.9080370687654948,1.1135715673491253,0.031538919505002545,7.0
0.9948188415647439,1.1213982097978217,1.017325798872104,8.0
0.025290553100626324,-0.06785915973232787,0.9001557675252747,2.0
0.9863098094078813,1.0095771278316075,-0.14142618802894621,7.0
1.0827820282472347,0.8918374334504248,0.11389880760966241,7.0
0.9456627096280801,0.8540191253971928,1.186113432790786,8.0
0.9161334396025392,-0.06594616344952418,-0.10409794743033232,5.0
0.8081320989124722,1.0658079367078428,-0.021287892722205704,7.0
0.1123339312590212,-0.09369512907736256,0.9020467128196702,2.0
-0.005078937773483155,1.075985083294048,0.9441962839177955,4.0
1.2161817088961069,0.9502373703314324,0.10770690128842689,7.0
1.1331620801892148,0.973378669511977,0.8824767251162161,8.0
-0.0025326868933509676,-0.05605484755213073,0.1613697784307505,1.0
1.0418635942409329,1.0605899788359763,0.17386800872798758,7.0
0.955367529714523,-0.05599337331528978,1.144735205623913,6.0
0.9350281180266609,-0.04578555946150714,-0.11150499899618625,5.0
-0.014095622710761507,-0.07238312377510428,1.2259478888979753,2.0
-0.01092811342835439,0.97259610893941,0.028312174028739492,3.0
1.0411344679789822,1.1597756005707334,-0.1476793440634599,7.0
-0.12858525964207101,0.017348106233245217,0.956502640501451,2.0
1.0210159732567434,1.0203212535999002,1.020399279607529,8.0
1.0488499267631681,-0.15790618022038735,-0.14023052114443704,5.0
1.1020293158052612,0.8346241132512997,1.06321417515665,8.0
0.9209767828324501,0.9610758580303219,-0.10477945785103329,7.0
-0.0513195056475505,0.9254015435547379,1.0881530116963363,4.0
0.9152095607214192,-0.10978006981133273,1.042027500336406,6.0
-0.18822599236101595,-0.03186526829229943,-0.17162854864899704,1.0
0.8768248809381213,-0.01428490888494215,0.9453257166474518,6.0
0.030861759514115007,-0.06819155650997476,-0.060019399959551516,1.0
0.8729978677658783,0.859486925730373,1.0453166604208326,8.0
-0.032995685208108284,-0.2193898754952203,0.8441442654931126,2.0
0.8984887029855461,0.037268291874136925,0.23553913659970627,5.0
1.14394928868785,0.9609271122325921,-0.0714525369381228,7.0
0.0727242564803942,0.028823989153287113,1.042885736489223,2.0
1.063020975733995,-0.040396357130768126,0.854421508251008,6.0
1.1607815233060845,-0.06593378391939753,-0.0048687382833790755,5.0
0.2953939627286099,0.08306703086902534,0.01192590869247324,1.0
-0.005318799763829946,0.9539578631742114,0.8698725868516445,4.0
1.0528516821945364,1.036401948704408,0.8523333529368669,8.0
0.9356306476679712,0.9388126781781505,0.8534492231576153,8.0
1.005149649755886,0.899873155114969,0.0047823980839748655,7.0
1.1214719322545537,0.14336245226682984,0.9143581870804872,6.0
1.0930087246097129,1.1026981785037437,-0.20496397892484608,7.0
0.9564685098278619,1.2383284877493748,1.207307145212627,8.0
0.05604751827822527,-0.09098649946176095,1.00549134745575,2.0
0.9303723201557637,-0.13480555619327128,-0.07412091233776921,5.0
0.9234628168199054,0.9104617233422792,-0.07486822193557535,7.0
0.8501478468068163,1.0437145500338727,1.0197698962443256,8.0
1.0500905154921385,0.06936491366874224,-0.033391469443950154,5.0
1.0101324443422066,-0.04351835394583296,-0.04859110559143617,5.0
0.09443261032956023,0.0615278977825006,-0.11038491957675833,1.0
-0.034425772190051065,0.052040082124929304,1.145630630055226,2.0
0.9812718643709876,1.196878908466085,-0.002826282068141583,7.0
0.9505596507863812,0.8798724118461383,1.075632932727036,8.0
0.8956624063580849,-0.07069097786474307,-0.04083457547663002,5.0
-0.10551746104451568,1.076007122598391,-0.0789583877264243,3.0
1.0462845021428677,0.8819348180944581,-0.2312368390293513,7.0
0.020979073034691972,0.8943776870234575,0.9712884593894315,4.0
1.1939315642438029,0.08762586769627673,0.9818202413549705,6.0
1.007035989607721,1.0286781379499423,0.021424138882706042,7.0
1.010271076188483,1.0913134947206287,1.0670957555710259,8.0
1.0508628178279336,1.1579991819413622,0.0502016788564706,7.0
0.03710966720332375,-0.0926301817991054,1.0590625748965121,2.0
1.1582687998000185,1.0545671868540043,0.906128939767716,8.0
-0.007395679966131752,0.9989708976227956,1.064674288022147,4.0
1.0274928769409661,-0.12492564236719668,1.2697228426868126,6.0
0.9035890295885018,0.90369598316544,0.16405650982943196,7.0
1.1863401791445087,0.022715681444864935,1.0343229237898033,6.0
1.1402449805241537,-0.06656901745572412,0.9570172672083709,6.0
0.9441010982008108,-0.047000636367150676,1.1643386982344088,6.0
0.07249205918311509,0.05182679495463066,1.0632571695233366,2.0
0.7060930835234627,1.0419220226708874,0.05353531034497314,7.0
0.9159123913715993,0.9239524762419633,0.9471404013429727,8.0
0.9663227541922433,-0.006057492846246075,1.1632564788469884,6.0
0.9999437584009133,0.9963426409395483,0.9951034603795218,8.0
-0.14861004403878994,-0.053288441342451545,0.021384043692439732,1.0
0.8499303086834832,0.93011408074787,-0.13090552828461696,7.0
-0.005256557327556716,-0.013216555618667303,0.00590507399105525,1.0
1.0241190641185043,0.08322397448007406,0.11232707923208463,5.0
0.02341629315564301,-0.0629839800634438,-0.002763332259435874,1.0
0.8672302873910832,0.00606137659544736,0.19603891101774368,5.0
0.9736993284345651,0.9348875278775776,-0.027671499149421942,7.0
0.17823708200488142,-0.07416229442688126,-0.056574486208081004,1.0
0.07767151673916858,0.8393489822447922,-0.21311404383563698,3.0
-0.013852445946904752,1.0134777079385877,0.00919996256751152,3.0
-0.06822156315205968,1.103014966900065,0.969424889194606,4.0
0.9685109077826972,0.08770460133081387,1.0113480168786018,6.0
1.0974446667194324,0.9775364106774302,0.06331652194026503,7.0
1.060463840003757,0.06838655653575973,1.0973817309366616,6.0
-0.06980933879287159,0.962933137108815,-0.047347294540101025,3.0
0.14447568428896346,0.9131024519113098,-0.01628932531373099,3.0
0.05206373102463999,-0.016646518207391464,0.012271933188916971,1.0
0.9364803786169942,0.10986194654718112,1.1052528824571066,6.0
-0.0028553704705840542,0.9679284870297006,0.009973523772892762,3.0
-0.06524019144413039,1.062107738690767,0.9403154973568824,4.0
1.121147454391544,0.06032304079304396,-0.025386060515406397,5.0
-0.04427330311071279,1.0368124026599854,0.8866912161170588,4.0
-0.04969582239437518,0.15672440214884142,0.9622741179550838,2.0
0.0475602748231935,1.0722794871259582,1.0878723879721075,4.0
-0.040845441194836206,-0.11064751522901584,-0.02733074387202819,1.0
1.1243575357125204,-0.10958358195811785,1.1466450160322765,6.0
1.2176554106949913,1.1022006790635923,0.9644497074257687,8.0
0.8475663601270624,-0.2716742871811891,-0.054173949010815896,5.0
-0.07991064578620467,1.0152016986207977,0.9599268404287705,4.0
0.0026235937812327656,1.00269150832481,0.08978230971873172,3.0
0.06723729390230447,1.0557992383139931,0.0201163774888148,3.0
0.9823158060638782,-0.03220041333264677,1.0140520449989752,6.0
1.1679110972221354,0.07313653721211603,0.03737862176386774,5.0
1.0482868038755695,-0.023156640076607615,1.1272827908946847,6.0
-0.02383049096689872,0.9605175886190822,1.0510013190185075,4.0
-0.1888554221882381,0.08097742513085177,0.035476867433522394,1.0
1.0932954568127002,0.05388066182109964,-0.2547932936334877,5.0
-0.09531386801407656,-0.0443547939311846,1.0641504389359866,2.0
-0.2113067802537564,-0.016463095536330106,0.05603914741422106,1.0
1.077988771299503,1.0101512789199696,1.1826077124473189,8.0
0.9867015165082909,0.041389392777247194,0.11619186792393006,5.0
-0.13585964121897695,0.042025433155287915,-0.03535641774912132,1.0
1.0275003381792802,0.8483755132946555,0.020462987390139874,7.0
1.0807157930074802,-0.09445388061149128,0.8474016155767046,6.0
0.9389518039132231,1.0967197531747022,1.0839175910008085,8.0
1.01381579027693,1.2428078712341166,1.0610985776417863,8.0
0.12550461615558348,0.17939157023952818,1.2545832319206645,2.0
1.1559326099726794,1.164396540228584,0.1557618630956411,7.0
0.10131251066338631,0.031691595675371824,1.0263572399932563,2.0
-0.10059333536282784,1.1484839993500042,-0.04053907711836387,3.0
0.8991875580417001,0.08037049322980502,-0.0842152649533026,5.0
0.05057057295458864,1.0285652589739132,-0.01261348125330384,3.0
1.1096356634577629,1.1642568773726505,-0.011708434309234808,7.0
0.8590009438780242,0.04607203502962806,0.9266855605462492,6.0
-0.0827224506556135,0.9816024194092272,0.05745799442670614,3.0
0.07956023550839655,0.9911680302207554,0.1297450923905154,3.0
0.933450735797718,0.1379338716354052,0.8953008091334063,6.0
1.1571415202842088,0.0487331971391706,0.06251624690306967,5.0
0.9849550855401615,1.1220202689084584,0.07483112286492896,7.0
0.9779967485461831,-0.00030117197966099277,0.20060211268247033,5.0
0.9793427787730307,-0.02869168780762962,1.006966272386797,6.0
0.06333589266166044,0.9111773070317051,1.0489398171186464,4.0
0.12917493275616593,-0.13373526581051193,-0.0016554002793504469,1.0
0.11156514482224829,0.013623546910349674,-0.03539670598764337,1.0
0.19986459038533363,0.9797127830338481,-0.08998802981099496,3.0
1.110102325042497,0.020722960976805448,1.0335106755798618,6.0
-0.10623570649931949,-0.1162528841086072,1.119887002656279,2.0
-0.06521952737889179,0.8460896254071938,-0.07621093224141186,3.0
1.0129769469201717,0.9706096220499757,1.065642281607185,8.0
0.1070129200106619,0.8571514102101748,0.03031333009386547,3.0
0.0408368600248963,-0.096845022985475,0.07426818926140187,1.0
-0.06379027895726402,-0.025851977659445982,0.9596018124135007,2.0
1.2207280529534592,0.07007477277159321,-0.05049532056241889,5.0
0.9361983271211932,0.8513635914433451,0.09876241341762915,7.0
-0.03576655256394223,0.07102852753557369,0.0008586928734074505,1.0
0.09882614318003523,0.04493384958205788,1.145526915322715,2.0
1.0459135936980344,0.946880584936119,1.0478705030458955,8.0
0.9845813770795979,1.0422267478602754,0.07784257216343896,7.0
1.06858023111636,0.8770398888657877,0.07772795348984463,7.0
-0.02082656125196981,1.068647619404437,-0.0019795326142857408,3.0
0.987768379571693,1.00651376262746,-0.22338028097525814,7.0
1.0678259997853694,0.029645844754543113,0.9052736188622327,6.0
-0.1605461197358443,-0.10216770865906602,1.0571062586271163,2.0
1.1307724257659661,-0.007433703379271406,1.0121492233156273,6.0
0.04894130169244465,1.0652434071325718,-0.022875433834507117,3.0
0.06692495648155622,-0.04949009814392572,-0.07691493100716684,1.0
0.9604961036353391,1.0601554309892465,1.1503645000793776,8.0
0.10455735205255619,-0.04256979707364258,0.046352261352028246,1.0
0.851682685029092,1.1510983854172572,-0.017517644630689264,7.0
-0.024443220821470095,0.028522676512119007,-0.11730655993122122,1.0
1.0021483617321616,1.0964909847918716,0.014903806706550483,7.0
-0.13116524793827622,1.0022479660880717,1.1688881775190736,4.0
-0.04013627606265784,0.05960988190397937,0.9850843652195328,2.0
0.9632424821705458,-0.09990306572668207,0.016110652720898625,5.0
-0.04137564284193393,-0.12491183560516317,-0.004791787325347979,1.0
-0.03142746535048975,1.0632026899535587,0.934179970892561,4.0
0.9241838617799758,1.0278156278185024,1.0386959819487753,8.0
1.0337426887445988,1.0410320052230506,1.1488017339940084,8.0
1.0689578362887242,0.9204868054544832,0.9049038921562859,8.0
-0.1505294372972566,-0.0398445396285844,0.009634109545428052,1.0
1.0106071324062154,1.0402189361590364,0.9547504299485279,8.0
0.025065531871984587,0.024662952186819645,-0.0007384362768733692,1.0
-0.0816011939770065,0.06551374205266339,-0.0167650249173677,1.0
0.9377690393687064,1.143937785091886,0.9636307442428104,8.0
0.004001243660003419,0.05868773587573345,0.01424231764015262,1.0
-0.09356958393371825,0.1477158698849154,-0.14851939985048632,1.0
-0.013544303553925333,0.9807560857220899,0.03960620217910882,3.0
-0.014594363699973679,-0.054469874389236984,1.0331091902065455,2.0
-0.08662825472381935,0.8695527458988619,0.8266314297555231,4.0
-0.02879214527858406,1.0532916750541974,0.08707524669535421,3.0
0.13857939955174006,-0.13264997804749662,0.9519835157931371,2.0
0.003704632731192469,-0.0445560154242145,0.9757181026265328,2.0
1.0353962799843035,-0.008610734265457574,-0.1992837637961712,5.0
0.9043145147422602,0.9558623455407411,-0.1386396335350388,7.0
1.020237809574958,1.0206432636452476,-0.04912209954812084,7.0
0.04147817939472168,0.042061766349563115,-0.06897791633066751,1.0
0.9494805887328818,0.08284370032477445,0.10181711041384033,5.0
1.0363842156256482,1.1677766574675723,0.06962142734159281,7.0
0.06414835853281547,0.08048132342168204,1.1517942533951226,2.0
0.00488798169466685,0.04836761739180523,-0.03039257949900184,1.0
1.0187953709877486,1.0422541535568117,0.987310639871847,8.0
-0.009510364978236393,-0.0017923767588162336,1.1338897676500355,2.0
0.9774149972369098,0.0702616629036638,0.0391810405137519,5.0
1.0099007498945403,-0.13579480730308938,-0.07687982281669681,5.0
-0.023014909192414886,0.889976242605495,0.9821838906072857,4.0
1.1027590486334755,0.8434410835727641,-0.1528706424492897,7.0
0.9748486577303311,0.8343831520724596,0.03756108339108743,7.0
-0.17428001859385628,-0.05083117452494046,0.9924242834566616,2.0
0.025815543307121686,-0.014083149582414068,1.0923321315636274,2.0
1.1516108561216325,1.102973792268458,-0.006480322147682283,7.0
-0.028285210242796573,1.0273455420515225,0.9063321098178553,4.0
1.0055405737254923,-0.08194953454103637,0.11252984064197065,5.0
0.00922205396284918,-0.02579187612424468,-0.08518708338854442,1.0
-0.15737547084619893,-0.10933900453087167,-0.013115836795400196,1.0
0.21077669153316161,1.0705206109770036,0.968686339447048,4.0
1.0807042072457362,1.0519175458287082,-0.017377123892995564,7.0
0.07155680211905463,1.122902439040548,0.8816263630337855,4.0
0.06016452959728666,0.038845030844110257,0.10172643759946687,1.0
0.048567273849627474,1.1211173196769628,0.08156050162156729,3.0
0.9826021260029293,0.9666171649104829,1.1055268199077728,8.0
1.1207277795389168,1.2675672973254941,0.029321048183987813,7.0
1.0368802678390296,0.956677164191641,-0.010192029126735367,7.0
0.9833909641750338,0.9670654934355095,1.0800771444875443,8.0
0.9743589343045054,-0.11540057716816143,1.101591639447556,6.0
1.0460179921568562,0.08185760689521486,-0.12001954261048237,5.0
0.9938406632066842,-0.09918200388884649,0.08050559400054455,5.0
-0.09950854494628451,0.19721626521111055,1.1689640183389367,2.0
0.8946860811142122,0.03411132441599444,0.9839569484967826,6.0
-0.02522532565040151,0.03050206404713566,-0.0791423012541303,1.0
0.1014524084147157,1.0909581146300318,-0.2587021853416002,3.0
0.13447196030617845,0.9091948682426187,-0.03313207251768451,3.0
0.13577321017934385,0.9473347899303177,0.8382794595453027,4.0
-0.07099106435130695,0.9155717393010641,1.0386648156538354,4.0
0.13070872973984965,0.027121591863452994,0.04031017320663213,1.0
0.1046644690709469,-0.20678339695134276,1.0176217914943553,2.0
0.010213515508470161,0.06215064013395458,0.8275600331827547,2.0
0.07258349671882185,1.0355211935852784,1.0566423092407082,4.0
0.13674280305208478,1.086893913838357,1.0201039814780042,4.0
-0.0141072353020845,1.0290791820353955,1.0355065800643852,4.0
-0.04640167675257297,-0.025929211478406163,1.0239857920415187,2.0
0.8778384755337166,0.042276369940770636,0.11088226507634671,5.0
0.2379371716010159,0.8879143359139878,1.0171916106839352,4.0
-0.05024770672223623,-0.14525665768065193,1.0928698154594965,2.0
0.8532813822020722,0.13836001345300383,0.9097098617209506,6.0
-0.10931026343127173,-0.05470689207846775,0.9411832299849949,2.0
0.16327732226076422,-0.13283044028525698,0.08230214277309246,1.0
-0.031725963173563645,0.04878590938376815,0.09317462637352304,1.0
1.0063270341655384,1.1280122408070505,0.9193952286487859,8.0
0.9819442836326744,1.0618113264208067,-0.012359556998588527,7.0
-0.01340734812540925,-0.14323536761407407,1.0435248628785212,2.0
1.0197688222990713,0.007396919709225497,-0.053048877498680314,5.0
0.10964352592563581,0.029999195945861857,0.11445089114782772,1.0
0.09755590970488583,0.04363381333052548,1.0408391859354815,2.0
1.1692478356224947,0.0020112884648285797,0.9225330758101892,6.0
-0.11168746420992873,0.9583943635618513,0.11503651168817881,3.0
0.9023469775153531,0.10765838920746691,0.1300662624783005,5.0
0.11875627269303178,0.0022624536018226514,1.0372916522248508,2.0
1.1412644896490363,0.9764634004491597,0.8982955948341083,8.0
0.9585761208044397,1.0582488571602595,0.07082439394987886,7.0
1.0852051870798713,-0.09459605655597797,1.0523926661510838,6.0
0.17372926463444635,1.1731285194571366,1.0162942684153762,4.0
-0.0742235952050509,1.104296254335553,1.0178092766583422,4.0
-0.14007882698944385,1.0923328386860458,0.9617143775286835,4.0
0.8865179517625793,0.040086932380459205,0.05353608808665808,5.0
-0.01519316995408235,0.07779998811729404,1.0039321439934605,2.0
0.12014077022922046,0.10872981552087856,0.12345225876576019,1.0
0.9110504142066823,0.08273746377695668,0.009722034322433237,5.0
0.016280840727735644,-0.03804244019606579,0.09704242609030202,1.0
-0.03445627474850726,1.071256594126682,1.2385414596069149,4.0
-0.07551993755071656,0.9492120251439782,-0.07704185157669101,3.0
-0.06752217484238637,1.049194293591073,0.1014052813735015,3.0
-0.09828954613677862,1.1274619154909415,0.045598831507356934,3.0
-0.1135007422009045,0.13304282600457737,1.0868701936670286,2.0
0.8722240338208,0.9870229307618427,0.9402515139989288,8.0
-0.02635127537241665,-0.04564400089605322,-0.05913985932177762,1.0
1.0672586576138943,0.21783263304376832,1.0494514608176206,6.0
1.0413180684920509,0.9495987845169019,-0.01598412758359632,7.0
0.1002406291547598,0.06093581820407826,0.9300292480498037,2.0
0.9918038230638897,1.0253379587965965,0.8248189205821105,8.0
0.09410834658024765,-0.018741787497949507,0.9276816757677728,2.0
1.2076431708115236,0.9006787283600595,0.9765708408092233,8.0
-0.15427604612465035,1.1268707914806704,-0.01805712874095851,3.0
0.9198079711316698,0.04724113619046151,-0.10496222599171781,5.0
0.026619296897987574,-0.044890918191335935,0.06144885052116882,1.0
-0.048169047229640244,0.8778486191393475,0.1011465614260701,3.0
1.0012651132751254,0.9141877882584856,0.9563217752157066,8.0
-0.18226641090533202,0.12447963145570005,0.9546088857969948,2.0
-0.15475133812225128,1.1749339491959907,1.1538227130909886,4.0
0.1464362386381007,0.9246554268188042,0.06542837393652388,3.0
0.027815025511473974,1.0257177781802633,0.9220734669656964,4.0
-0.17480609415337653,-0.06706183079125204,1.0806686377523351,2.0
-0.008727221273369286,1.0448598250698138,0.7603863569662765,4.0
0.8690335148898158,1.1945512595590169,0.9374889897141282,8.0
1.0141785129133438,-0.0015847381160638886,0.02732166631745946,5.0
1.130022153262857,-0.004894984067955611,0.9256163001116886,6.0
0.07764033171346824,-0.027491105640295867,0.9546184637037127,2.0
1.2077675121231548,0.8232512343108304,0.9289206789632526,8.0
0.0027410785202931286,0.05263671987379535,0.9348807463684425,2.0
0.8964494010896178,1.1028405445176557,1.0297476875351739,8.0
0.09738642576666152,0.09637927909709777,-0.027515425202007466,1.0
0.07290867926825828,0.9802117865246811,1.0648227956954133,4.0
1.0125862213580992,0.7926389060328289,0.06027040913576142,7.0
0.015832887979938117,0.18721372227189498,1.1345912844067312,2.0
0.08212000079405035,0.94182769897324,-0.0645791619058782,3.0
-0.026232478667461735,0.03053524185813048,0.0608868213610863,1.0
0.9119491583450539,0.867771327260066,0.03531704385020505,7.0
0.269432014276195,0.9980393897363802,1.0244681914601328,4.0
-0.05462379786346993,0.9266538059330206,0.16259801274352417,3.0
0.8177247975870356,0.9180657009758832,-0.10771860259596389,7.0
0.010038654303840306,1.0528634463536775,0.02704939774838004,3.0
-0.053499126373441286,0.9379436857962127,-0.10887759464753005,3.0
-0.018230814806629737,-0.04572769380440801,-0.005860415776866584,1.0
1.1003587237642973,0.8791078613394955,-0.05566345155466325,7.0
1.093928814807319,-0.031067227916939173,0.029541541823403968,5.0
0.7799951614785285,1.0687521192950782,0.8796962266249877,8.0
0.049706360998869104,0.0706299858087643,-0.12015950177006048,1.0
0.9988313353741789,0.9670048689533005,-0.03641134140831757,7.0
1.1087205747562412,1.009940271104557,0.00850442593460356,7.0
0.8795060538671401,1.221198943329747,0.17845920742432142,7.0
0.11959644315527096,1.0334466461747807,0.01195531370895242,3.0
0.09892734877351728,1.0123309432476149,-0.0380342930706291,3.0
0.8823076920858273,-0.15334681666819494,0.9532359847205918,6.0
1.051070368519494,-0.09205439703953458,0.007404247223996037,5.0
0.14487705878781781,0.866585922457826,0.8463135416857953,4.0
-0.04445134553252267,-0.0792261804296507,0.05047006919852698,1.0
0.8169271240008865,-0.018214337659418732,-0.030835867018742764,5.0
-0.06893228612579473,-0.049689730354052636,0.007246101037017359,1.0
1.1108073770720899,0.9089115241214765,-0.0795257181735593,7.0
-0.05982427796944926,0.9313314355786151,0.03802810711534374,3.0
-0.18676562358336812,0.990882714356724,1.0332242574380937,4.0
1.1471261869274296,-0.016943351530105965,0.8946024345256328,6.0
0.14341680656490138,0.9194246194187777,1.0972859343884167,4.0
0.07407437095914911,0.959314209961291,1.017433250355614,4.0
0.12285668118628278,0.04772947846171302,0.8587712377733461,2.0
-0.20254818473045788,0.8687423114658129,0.06651757319888814,3.0
1.0357685106765686,0.9939680304213641,0.03213465164681807,7.0
1.0225553262742946,0.9814370057592942,1.1278301424396706,8.0
0.9763720013302345,-0.07943615890806537,-0.09549216900844093,5.0
-0.07696948702646247,1.1134778914644352,0.05715026258159427,3.0
0.9004923180949593,1.0354451143358172,-0.1120477502694073,7.0
1.0460500533852926,1.0301687413465022,0.088096811355428,7.0
1.0497904317374984,0.09705036529333992,1.0244519584781075,6.0
0.06890865921276451,-0.13473221840399455,0.9658745761418931,2.0
-0.05315137568619428,0.9406497740477593,1.0440150073812726,4.0
1.1585649222685053,0.937066242497793,0.8316025199839993,8.0
0.0170532229879555,0.126970639165615,-0.06092015281683891,1.0
1.0486384160485993,0.07596027107425045,0.06304551792783264,5.0
0.9508034881297931,0.9910874110610176,0.12236748372473001,7.0
0.12936891833524625,-0.053187732442326496,1.0445600078799333,2.0
0.9850056745545119,1.0939705601947376,1.145173510732044,8.0
0.977387005828605,1.0723475006771277,1.1445686320960613,8.0
0.1236988775219724,-0.07349625256933738,0.9414623863645845,2.0
1.0146710027189154,0.9011830050813538,0.9032034776949845,8.0
-0.03604592707780275,0.9179763058645208,0.17602521993178585,3.0
0.07214041105187173,0.11388769433301407,0.0012590010755555892,1.0
0.13559081393956932,-0.07226368919880723,0.9245300845129679,2.0
0.13572671737581066,0.06441512925625291,1.056312082466598,2.0
-0.07865796226466751,0.9818299670867128,1.146705459081346,4.0
0.7970136359246218,0.14807684963818085,0.02140709703937665,5.0
-0.026345276137433333,0.03425833319933384,-0.04973049638889579,1.0
0.25362747820660925,0.9104756718490101,-0.0657884114318366,3.0
0.13989400151314102,-0.0831812071002903,-0.05759902486480811,1.0
1.2286789116895447,1.0641945078086206,0.9200082661968016,8.0
0.06953691068914623,0.005652205916165526,1.0391040569106367,2.0
0.9350735608114719,0.03809018099154246,1.0077805485247002,6.0
0.011350468624721163,0.0825968240801071,0.1920809775208584,1.0
0.08577467138395271,1.1045630930338377,0.010736138551527006,3.0
0.09312647333302326,0.10531593955798309,-0.09329456257857695,1.0
1.0061666602008361,0.02930769036868341,0.06055942903038863,5.0
0.8468782435605643,0.1394680658439751,1.0080059477969465,6.0
1.079037531840166,0.06455879751324184,-0.028883320310249583,5.0
-0.03485470731725373,0.10308221369437931,0.8891120989882609,2.0
1.014751887871714,0.05918701928824315,0.035490640202743964,5.0
0.8138001804384077,1.0331934397376172,1.1514462778709862,8.0
1.127355055197461,-0.12338705158604796,0.9185443257485011,6.0
0.9726008711376628,0.9286656946947107,0.012248595124668242,7.0
-0.23424878821003162,0.0037443953585485448,1.034791401055908,2.0
0.015073574868496248,0.09031105232301988,0.09538614975875061,1.0
0.8591971454072628,0.009873621060646712,1.2560177468714568,6.0
0.022846678517001395,1.0100618401808221,0.098007707251154,3.0
1.0512030387021718,-0.016303068736649495,0.19888376707471145,5.0
1.0603598880067147,0.051792651106096294,0.9544983589199951,6.0
0.07653030321113058,0.02137563834038189,0.007755514086197013,1.0
-0.03033920088917985,1.0638685597930575,-0.0666152237299554,3.0
0.07471799913508326,0.02297001657152132,-0.06246723996636525,1.0
0.01179147847840758,0.07239457580296427,0.9266833129150597,2.0
